file,date,pax,categoria,importo,provenienza,canale,mese,anno,giorno_sett
GIORNALIERA_AGOSTO_2025____a298.pdf,2025-08-02,4,SEGNALIBRI,10.0,STRADA (passanti),Strada (passanti),2025-08,2025,5
GIORNALIERA_AGOSTO_2025____a298.pdf,2025-08-02,2,ESPERIENZA,20.0,STRADA (passanti),Strada (passanti),2025-08,2025,5
GIORNALIERA_AGOSTO_2025____a298.pdf,2025-08-02,2,GADGET,25.0,STRADA (passanti),Strada (passanti),2025-08,2025,5
GIORNALIERA_AGOSTO_2025____a298.pdf,2025-08-03,2,CARTOLINE,5.0,STRADA (passanti),Strada (passanti),2025-08,2025,6
GIORNALIERA_AGOSTO_2025____a298.pdf,2025-08-03,4,SEGNALIBRI,6.0,STRADA (passanti),Strada (passanti),2025-08,2025,6
GIORNALIERA_AGOSTO_2025____a298.pdf,2025-08-03,1,VARIE,6.0,STRADA (passanti),Strada (passanti),2025-08,2025,6
GIORNALIERA_AGOSTO_2025____a298.pdf,2025-08-03,1,CARTOLINE,2.0,STRADA (passanti),Strada (passanti),2025-08,2025,6
GIORNALIERA_AGOSTO_2025____a298.pdf,2025-08-03,3,VARIE,6.0,STRADA (passanti),Strada (passanti),2025-08,2025,6
GIORNALIERA_AGOSTO_2025____a298.pdf,2025-08-03,2,VARIE,17.0,STRADA (passanti),Strada (passanti),2025-08,2025,6
GIORNALIERA_AGOSTO_2025____a298.pdf,2025-08-04,4,ESPERIENZA,32.0,STRADA (passanti),Strada (passanti),2025-08,2025,0
GIORNALIERA_AGOSTO_2025____a298.pdf,2025-08-04,3,ESPERIENZA,26.0,STRADA (passanti),Strada (passanti),2025-08,2025,0
GIORNALIERA_AGOSTO_2025____a298.pdf,2025-08-04,1,CARTOLINE,1.0,STRADA (passanti),Strada (passanti),2025-08,2025,0
GIORNALIERA_AGOSTO_2025____a298.pdf,2025-08-05,2,ESPERIENZA,20.5,STRADA (passanti),Strada (passanti),2025-08,2025,1
GIORNALIERA_AGOSTO_2025____a298.pdf,2025-08-06,2,SEGNALIBRI,2.0,STRADA (passanti),Strada (passanti),2025-08,2025,2
GIORNALIERA_AGOSTO_2025____a298.pdf,2025-08-06,2,CARTOLINE,1.0,STRADA (passanti),Strada (passanti),2025-08,2025,2
GIORNALIERA_AGOSTO_2025____a298.pdf,2025-08-06,2,CARTOLINE,3.0,STRADA (passanti),Strada (passanti),2025-08,2025,2
GIORNALIERA_AGOSTO_2025____a298.pdf,2025-08-06,4,ESPERIENZA,40.0,STRADA (passanti),Strada (passanti),2025-08,2025,2
GIORNALIERA_AGOSTO_2025____a298.pdf,2025-08-06,3,CARTOLINE,1.0,STRADA (passanti),Strada (passanti),2025-08,2025,2
GIORNALIERA_AGOSTO_2025____a298.pdf,2025-08-07,2,GADGET,9.0,STRADA (passanti),Strada (passanti),2025-08,2025,3
GIORNALIERA_AGOSTO_2025____a298.pdf,2025-08-07,1,CARTOLERIA,7.0,STRADA (passanti),Strada (passanti),2025-08,2025,3
GIORNALIERA_AGOSTO_2025____a298.pdf,2025-08-08,3,SEGNALIBRI,6.0,STRADA (passanti),Strada (passanti),2025-08,2025,4
GIORNALIERA_AGOSTO_2025____a298.pdf,2025-08-08,1,SEGNALIBRI,6.0,STRADA (passanti),Strada (passanti),2025-08,2025,4
GIORNALIERA_AGOSTO_2025____a298.pdf,2025-08-08,3,ESPERIENZA,27.9,STRADA (passanti),Strada (passanti),2025-08,2025,4
GIORNALIERA_AGOSTO_2025____a298.pdf,2025-08-08,2,VARIE,5.0,STRADA (passanti),Strada (passanti),2025-08,2025,4
GIORNALIERA_AGOSTO_2025____a298.pdf,2025-08-09,3,ESPERIENZA,30.0,STRADA (passanti),Strada (passanti),2025-08,2025,5
GIORNALIERA_AGOSTO_2025____a298.pdf,2025-08-09,1,EDITORIA/LIBRI,10.0,STRADA (passanti),Strada (passanti),2025-08,2025,5
GIORNALIERA_AGOSTO_2025____a298.pdf,2025-08-10,2,EDITORIA/LIBRI,10.0,STRADA (passanti),Strada (passanti),2025-08,2025,6
GIORNALIERA_AGOSTO_2025____a298.pdf,2025-08-10,2,ESPERIENZA,20.0,STRADA (passanti),Strada (passanti),2025-08,2025,6
GIORNALIERA_AGOSTO_2025____a298.pdf,2025-08-10,3,ESPERIENZA,28.0,STRADA (passanti),Strada (passanti),2025-08,2025,6
GIORNALIERA_AGOSTO_2025____a298.pdf,2025-08-10,1,CARTOLINE,3.0,STRADA (passanti),Strada (passanti),2025-08,2025,6
GIORNALIERA_AGOSTO_2025____a298.pdf,2025-08-10,1,ESPERIENZA,10.0,STRADA (passanti),Strada (passanti),2025-08,2025,6
GIORNALIERA_AGOSTO_2025____a298.pdf,2025-08-10,1,CARTOLINE,1.0,STRADA (passanti),Strada (passanti),2025-08,2025,6
GIORNALIERA_AGOSTO_2025____a298.pdf,2025-08-11,1,VARIE,7.0,STRADA (passanti),Strada (passanti),2025-08,2025,0
GIORNALIERA_AGOSTO_2025____a298.pdf,2025-08-11,3,ESPERIENZA,26.0,STRADA (passanti),Strada (passanti),2025-08,2025,0
GIORNALIERA_AGOSTO_2025____a298.pdf,2025-08-12,2,EDITORIA/LIBRI,12.0,STRADA (passanti),Strada (passanti),2025-08,2025,1
GIORNALIERA_AGOSTO_2025____a298.pdf,2025-08-12,2,CARTOLINE,3.0,STRADA (passanti),Strada (passanti),2025-08,2025,1
GIORNALIERA_AGOSTO_2025____a298.pdf,2025-08-12,2,CARTOLINE,4.9,STRADA (passanti),Strada (passanti),2025-08,2025,1
GIORNALIERA_AGOSTO_2025____a298.pdf,2025-08-12,2,VARIE,45.0,STRADA (passanti),Strada (passanti),2025-08,2025,1
GIORNALIERA_AGOSTO_2025____a298.pdf,2025-08-13,4,SEGNALIBRI,2.0,STRADA (passanti),Strada (passanti),2025-08,2025,2
GIORNALIERA_AGOSTO_2025____a298.pdf,2025-08-13,3,EDITORIA/LIBRI,10.0,STRADA (passanti),Strada (passanti),2025-08,2025,2
GIORNALIERA_AGOSTO_2025____a298.pdf,2025-08-13,2,ESPERIENZA,20.0,STRADA (passanti),Strada (passanti),2025-08,2025,2
GIORNALIERA_AGOSTO_2025____a298.pdf,2025-08-13,3,ESPERIENZA,28.0,STRADA (passanti),Strada (passanti),2025-08,2025,2
GIORNALIERA_AGOSTO_2025____a298.pdf,2025-08-13,1,CARTOLINE,15.0,STRADA (passanti),Strada (passanti),2025-08,2025,2
GIORNALIERA_AGOSTO_2025____a298.pdf,2025-08-14,2,CARTOLINE,1.0,STRADA (passanti),Strada (passanti),2025-08,2025,3
GIORNALIERA_AGOSTO_2025____a298.pdf,2025-08-14,2,CARTOLERIA,9.5,STRADA (passanti),Strada (passanti),2025-08,2025,3
GIORNALIERA_AGOSTO_2025____a298.pdf,2025-08-14,2,VARIE,17.0,STRADA (passanti),Strada (passanti),2025-08,2025,3
GIORNALIERA_AGOSTO_2025____a298.pdf,2025-08-14,2,SEGNALIBRI,24.0,STRADA (passanti),Strada (passanti),2025-08,2025,3
GIORNALIERA_AGOSTO_2025____a298.pdf,2025-08-14,2,ESPERIENZA,16.0,STRADA (passanti),Strada (passanti),2025-08,2025,3
GIORNALIERA_AGOSTO_2025____a298.pdf,2025-08-15,3,CARTOLINE,2.0,STRADA (passanti),Strada (passanti),2025-08,2025,4
GIORNALIERA_AGOSTO_2025____a298.pdf,2025-08-15,1,VARIE,17.5,STRADA (passanti),Strada (passanti),2025-08,2025,4
GIORNALIERA_AGOSTO_2025____a298.pdf,2025-08-15,2,CARTOLERIA,39.6,STRADA (passanti),Strada (passanti),2025-08,2025,4
GIORNALIERA_AGOSTO_2025____a298.pdf,2025-08-15,1,VARIE,25.0,STRADA (passanti),Strada (passanti),2025-08,2025,4
GIORNALIERA_AGOSTO_2025____a298.pdf,2025-08-15,2,VARIE,28.0,STRADA (passanti),Strada (passanti),2025-08,2025,4
GIORNALIERA_AGOSTO_2025____a298.pdf,2025-08-16,2,CARTOLERIA,3.0,STRADA (passanti),Strada (passanti),2025-08,2025,5
GIORNALIERA_AGOSTO_2025____a298.pdf,2025-08-17,2,CARTOLERIA,2.0,STRADA (passanti),Strada (passanti),2025-08,2025,6
GIORNALIERA_AGOSTO_2025____a298.pdf,2025-08-18,2,POSTER,13.5,STRADA (passanti),Strada (passanti),2025-08,2025,0
GIORNALIERA_AGOSTO_2025____a298.pdf,2025-08-18,2,SEGNALIBRI,1.0,STRADA (passanti),Strada (passanti),2025-08,2025,0
GIORNALIERA_AGOSTO_2025____a298.pdf,2025-08-18,2,ESPERIENZA,20.0,STRADA (passanti),Strada (passanti),2025-08,2025,0
GIORNALIERA_AGOSTO_2025____a298.pdf,2025-08-18,1,VARIE,7.0,STRADA (passanti),Strada (passanti),2025-08,2025,0
GIORNALIERA_AGOSTO_2025____a298.pdf,2025-08-18,2,VARIE,3.0,STRADA (passanti),Strada (passanti),2025-08,2025,0
GIORNALIERA_AGOSTO_2025____a298.pdf,2025-08-18,1,CARTOLINE,4.0,STRADA (passanti),Strada (passanti),2025-08,2025,0
GIORNALIERA_AGOSTO_2025____a298.pdf,2025-08-20,4,ESPERIENZA,50.0,STRADA (passanti),Strada (passanti),2025-08,2025,2
GIORNALIERA_AGOSTO_2025____a298.pdf,2025-08-20,1,CARTOLINE,6.0,STRADA (passanti),Strada (passanti),2025-08,2025,2
GIORNALIERA_AGOSTO_2025____a298.pdf,2025-08-20,1,VARIE,7.5,STRADA (passanti),Strada (passanti),2025-08,2025,2
GIORNALIERA_AGOSTO_2025____a298.pdf,2025-08-20,1,CARTOLINE,5.0,STRADA (passanti),Strada (passanti),2025-08,2025,2
GIORNALIERA_AGOSTO_2025____a298.pdf,2025-08-21,3,CARTOLINE,2.0,STRADA (passanti),Strada (passanti),2025-08,2025,3
GIORNALIERA_AGOSTO_2025____a298.pdf,2025-08-21,4,ESPERIENZA,32.0,STRADA (passanti),Strada (passanti),2025-08,2025,3
GIORNALIERA_AGOSTO_2025____a298.pdf,2025-08-21,2,ESPERIENZA,20.0,STRADA (passanti),Strada (passanti),2025-08,2025,3
GIORNALIERA_AGOSTO_2025____a298.pdf,2025-08-22,2,EDITORIA/LIBRI,12.0,STRADA (passanti),Strada (passanti),2025-08,2025,4
GIORNALIERA_AGOSTO_2025____a298.pdf,2025-08-23,2,VARIE,26.0,STRADA (passanti),Strada (passanti),2025-08,2025,5
GIORNALIERA_AGOSTO_2025____a298.pdf,2025-08-23,1,GONDOLE,12.0,STRADA (passanti),Strada (passanti),2025-08,2025,5
GIORNALIERA_AGOSTO_2025____a298.pdf,2025-08-23,1,ESPERIENZA,10.0,STRADA (passanti),Strada (passanti),2025-08,2025,5
GIORNALIERA_AGOSTO_2025____a298.pdf,2025-08-23,2,VARIE,0.0,STRADA (passanti),Strada (passanti),2025-08,2025,5
GIORNALIERA_AGOSTO_2025____a298.pdf,2025-08-23,0,NON SPECIFICATO,14.0,STRADA (passanti),Strada (passanti),2025-08,2025,5
GIORNALIERA_AGOSTO_2025____a298.pdf,2025-08-24,2,VARIE,18.0,STRADA (passanti),Strada (passanti),2025-08,2025,6
GIORNALIERA_AGOSTO_2025____a298.pdf,2025-08-24,2,ESPERIENZA,20.0,STRADA (passanti),Strada (passanti),2025-08,2025,6
GIORNALIERA_AGOSTO_2025____a298.pdf,2025-08-25,2,CALAMITE,12.0,STRADA (passanti),Strada (passanti),2025-08,2025,0
GIORNALIERA_AGOSTO_2025____a298.pdf,2025-08-25,2,CARTOLINE,2.0,STRADA (passanti),Strada (passanti),2025-08,2025,0
GIORNALIERA_AGOSTO_2025____a298.pdf,2025-08-25,2,CARTOLINE,1.0,STRADA (passanti),Strada (passanti),2025-08,2025,0
GIORNALIERA_AGOSTO_2025____a298.pdf,2025-08-25,1,EDITORIA/LIBRI,10.0,STRADA (passanti),Strada (passanti),2025-08,2025,0
GIORNALIERA_AGOSTO_2025____a298.pdf,2025-08-25,2,ESPERIENZA,20.0,STRADA (passanti),Strada (passanti),2025-08,2025,0
GIORNALIERA_AGOSTO_2025____a298.pdf,2025-08-26,2,CARTOLINE,4.0,STRADA (passanti),Strada (passanti),2025-08,2025,1
GIORNALIERA_AGOSTO_2025____a298.pdf,2025-08-26,2,ALTRO,18.0,STRADA (passanti),Strada (passanti),2025-08,2025,1
GIORNALIERA_AGOSTO_2025____a298.pdf,2025-08-26,2,ESPERIENZA,20.0,STRADA (passanti),Strada (passanti),2025-08,2025,1
GIORNALIERA_AGOSTO_2025____a298.pdf,2025-08-27,2,GONDOLE,12.0,STRADA (passanti),Strada (passanti),2025-08,2025,2
GIORNALIERA_AGOSTO_2025____a298.pdf,2025-08-27,1,SEGNALIBRI,3.0,STRADA (passanti),Strada (passanti),2025-08,2025,2
GIORNALIERA_AGOSTO_2025____a298.pdf,2025-08-28,3,VARIE,13.0,STRADA (passanti),Strada (passanti),2025-08,2025,3
GIORNALIERA_AGOSTO_2025____a298.pdf,2025-08-28,1,CARTOLINE,5.0,STRADA (passanti),Strada (passanti),2025-08,2025,3
GIORNALIERA_AGOSTO_2025____a298.pdf,2025-08-28,4,ESPERIENZA,33.5,STRADA (passanti),Strada (passanti),2025-08,2025,3
GIORNALIERA_AGOSTO_2025____a298.pdf,2025-08-28,2,CARTOLINE,5.0,STRADA (passanti),Strada (passanti),2025-08,2025,3
GIORNALIERA_AGOSTO_2025____a298.pdf,2025-08-28,4,GADGET,28.0,STRADA (passanti),Strada (passanti),2025-08,2025,3
GIORNALIERA_AGOSTO_2025____a298.pdf,2025-08-28,2,GADGET,3.0,STRADA (passanti),Strada (passanti),2025-08,2025,3
GIORNALIERA_AGOSTO_2025____a298.pdf,2025-08-29,1,POSTER,9.0,STRADA (passanti),Strada (passanti),2025-08,2025,4
GIORNALIERA_AGOSTO_2025____a298.pdf,2025-08-30,2,CARTOLERIA,3.0,STRADA (passanti),Strada (passanti),2025-08,2025,5
GIORNALIERA_AGOSTO_2025____a298.pdf,2025-08-30,4,VARIE,19.2,STRADA (passanti),Strada (passanti),2025-08,2025,5
GIORNALIERA_AGOSTO_2025____a298.pdf,2025-08-30,1,CARTOLINE,1.0,STRADA (passanti),Strada (passanti),2025-08,2025,5
GIORNALIERA_AGOSTO_2025____a298.pdf,2025-08-31,2,ESPERIENZA,20.0,STRADA (passanti),Strada (passanti),2025-08,2025,6
GIORNALIERA_AGOSTO_2026_6d0d.pdf,2026-08-01,3,ESPERIENZA,30.0,STRADA (passanti),Strada (passanti),2026-08,2026,5
GIORNALIERA_AGOSTO_2026_6d0d.pdf,2026-08-02,3,CARTOLERIA,7.0,STRADA (passanti),Strada (passanti),2026-08,2026,6
GIORNALIERA_AGOSTO_2026_6d0d.pdf,2026-08-02,3,ESPERIENZA,21.0,STRADA (passanti),Strada (passanti),2026-08,2026,6
GIORNALIERA_AGOSTO_2026_6d0d.pdf,2026-08-04,2,CARTOLERIA,3.0,STRADA (passanti),Strada (passanti),2026-08,2026,1
GIORNALIERA_AGOSTO_2026_6d0d.pdf,2026-08-04,3,VARIE,21.0,STRADA (passanti),Strada (passanti),2026-08,2026,1
GIORNALIERA_AGOSTO_2026_6d0d.pdf,2026-08-04,2,ESPERIENZA,20.0,STRADA (passanti),Strada (passanti),2026-08,2026,1
GIORNALIERA_AGOSTO_2026_6d0d.pdf,2026-08-05,3,GADGET,9.0,STRADA (passanti),Strada (passanti),2026-08,2026,2
GIORNALIERA_AGOSTO_2026_6d0d.pdf,2026-08-05,1,CARTOLINE,5.0,STRADA (passanti),Strada (passanti),2026-08,2026,2
GIORNALIERA_AGOSTO_2026_6d0d.pdf,2026-08-05,4,CARTOLERIA,10.0,STRADA (passanti),Strada (passanti),2026-08,2026,2
GIORNALIERA_AGOSTO_2026_6d0d.pdf,2026-08-05,4,CARTOLINE,3.0,STRADA (passanti),Strada (passanti),2026-08,2026,2
GIORNALIERA_AGOSTO_2026_6d0d.pdf,2026-08-05,2,GADGET,24.0,STRADA (passanti),Strada (passanti),2026-08,2026,2
GIORNALIERA_AGOSTO_2026_6d0d.pdf,2026-08-06,1,EDITORIA/LIBRI,10.0,STRADA (passanti),Strada (passanti),2026-08,2026,3
GIORNALIERA_AGOSTO_2026_6d0d.pdf,2026-08-06,1,GONDOLE,7.2,STRADA (passanti),Strada (passanti),2026-08,2026,3
GIORNALIERA_AGOSTO_2026_6d0d.pdf,2026-08-06,1,CARTOLINE,5.0,STRADA (passanti),Strada (passanti),2026-08,2026,3
GIORNALIERA_AGOSTO_2026_6d0d.pdf,2026-08-07,1,CARTOLINE,2.0,STRADA (passanti),Strada (passanti),2026-08,2026,4
GIORNALIERA_AGOSTO_2026_6d0d.pdf,2026-08-07,2,VARIE,20.0,STRADA (passanti),Strada (passanti),2026-08,2026,4
GIORNALIERA_AGOSTO_2026_6d0d.pdf,2026-08-08,2,ESPERIENZA,20.0,STRADA (passanti),Strada (passanti),2026-08,2026,5
GIORNALIERA_AGOSTO_2026_6d0d.pdf,2026-08-10,1,CARTOLINE,5.0,STRADA (passanti),Strada (passanti),2026-08,2026,0
GIORNALIERA_AGOSTO_2026_6d0d.pdf,2026-08-11,1,ESPERIENZA,10.0,STRADA (passanti),Strada (passanti),2026-08,2026,1
GIORNALIERA_AGOSTO_2026_6d0d.pdf,2026-08-12,3,CARTOLINE,3.0,STRADA (passanti),Strada (passanti),2026-08,2026,2
GIORNALIERA_AGOSTO_2026_6d0d.pdf,2026-08-12,2,EDITORIA/LIBRI,5.0,STRADA (passanti),Strada (passanti),2026-08,2026,2
GIORNALIERA_AGOSTO_2026_6d0d.pdf,2026-08-12,2,CARTOLERIA,8.0,STRADA (passanti),Strada (passanti),2026-08,2026,2
GIORNALIERA_AGOSTO_2026_6d0d.pdf,2026-08-12,2,VARIE,4.0,STRADA (passanti),Strada (passanti),2026-08,2026,2
GIORNALIERA_AGOSTO_2026_6d0d.pdf,2026-08-13,1,CARTOLINE,2.0,STRADA (passanti),Strada (passanti),2026-08,2026,3
GIORNALIERA_AGOSTO_2026_6d0d.pdf,2026-08-13,3,VARIE,24.0,STRADA (passanti),Strada (passanti),2026-08,2026,3
GIORNALIERA_AGOSTO_2026_6d0d.pdf,2026-08-13,1,VARIE,10.0,STRADA (passanti),Strada (passanti),2026-08,2026,3
GIORNALIERA_AGOSTO_2026_6d0d.pdf,2026-08-14,2,CARTOLINE,2.0,STRADA (passanti),Strada (passanti),2026-08,2026,4
GIORNALIERA_AGOSTO_2026_6d0d.pdf,2026-08-14,1,GONDOLE,12.0,STRADA (passanti),Strada (passanti),2026-08,2026,4
GIORNALIERA_AGOSTO_2026_6d0d.pdf,2026-08-14,1,VARIE,8.0,STRADA (passanti),Strada (passanti),2026-08,2026,4
GIORNALIERA_AGOSTO_2026_6d0d.pdf,2026-08-14,2,CARTOLINE,3.0,STRADA (passanti),Strada (passanti),2026-08,2026,4
GIORNALIERA_AGOSTO_2026_6d0d.pdf,2026-08-14,5,CARTOLINE,5.0,STRADA (passanti),Strada (passanti),2026-08,2026,4
GIORNALIERA_AGOSTO_2026_6d0d.pdf,2026-08-16,1,CARTOLERIA,3.0,STRADA (passanti),Strada (passanti),2026-08,2026,6
GIORNALIERA_AGOSTO_2026_6d0d.pdf,2026-08-17,1,CARTOLINE,2.0,STRADA (passanti),Strada (passanti),2026-08,2026,0
GIORNALIERA_AGOSTO_2026_6d0d.pdf,2026-08-18,2,CARTOLINE,5.0,STRADA (passanti),Strada (passanti),2026-08,2026,1
GIORNALIERA_AGOSTO_2026_6d0d.pdf,2026-08-18,1,VARIE,16.0,STRADA (passanti),Strada (passanti),2026-08,2026,1
GIORNALIERA_AGOSTO_2026_6d0d.pdf,2026-08-18,1,VARIE,16.5,STRADA (passanti),Strada (passanti),2026-08,2026,1
GIORNALIERA_AGOSTO_2026_6d0d.pdf,2026-08-18,2,VARIE,39.0,STRADA (passanti),Strada (passanti),2026-08,2026,1
GIORNALIERA_AGOSTO_2026_6d0d.pdf,2026-08-18,2,VARIE,16.0,STRADA (passanti),Strada (passanti),2026-08,2026,1
GIORNALIERA_AGOSTO_2026_6d0d.pdf,2026-08-19,1,VARIE,19.9,STRADA (passanti),Strada (passanti),2026-08,2026,2
GIORNALIERA_AGOSTO_2026_6d0d.pdf,2026-08-19,3,VARIE,39.6,STRADA (passanti),Strada (passanti),2026-08,2026,2
GIORNALIERA_AGOSTO_2026_6d0d.pdf,2026-08-19,1,VARIE,30.6,STRADA (passanti),Strada (passanti),2026-08,2026,2
GIORNALIERA_AGOSTO_2026_6d0d.pdf,2026-08-19,1,VARIE,5.0,STRADA (passanti),Strada (passanti),2026-08,2026,2
GIORNALIERA_AGOSTO_2026_6d0d.pdf,2026-08-19,1,CARTOLINE,5.0,STRADA (passanti),Strada (passanti),2026-08,2026,2
GIORNALIERA_AGOSTO_2026_6d0d.pdf,2026-08-20,1,CARTOLINE,5.0,STRADA (passanti),Strada (passanti),2026-08,2026,3
GIORNALIERA_AGOSTO_2026_6d0d.pdf,2026-08-20,1,CARTOLINE,3.0,STRADA (passanti),Strada (passanti),2026-08,2026,3
GIORNALIERA_AGOSTO_2026_6d0d.pdf,2026-08-20,1,VARIE,8.7,STRADA (passanti),Strada (passanti),2026-08,2026,3
GIORNALIERA_AGOSTO_2026_6d0d.pdf,2026-08-20,1,VARIE,6.0,STRADA (passanti),Strada (passanti),2026-08,2026,3
GIORNALIERA_AGOSTO_2026_6d0d.pdf,2026-08-20,1,CARTOLINE,5.0,STRADA (passanti),Strada (passanti),2026-08,2026,3
GIORNALIERA_AGOSTO_2026_6d0d.pdf,2026-08-20,1,EDITORIA/LIBRI,5.0,STRADA (passanti),Strada (passanti),2026-08,2026,3
GIORNALIERA_AGOSTO_2026_6d0d.pdf,2026-08-20,1,CARTOLINE,1.0,STRADA (passanti),Strada (passanti),2026-08,2026,3
GIORNALIERA_AGOSTO_2026_6d0d.pdf,2026-08-20,1,CARTOLINE,5.0,STRADA (passanti),Strada (passanti),2026-08,2026,3
GIORNALIERA_AGOSTO_2026_6d0d.pdf,2026-08-21,1,VARIE,10.0,STRADA (passanti),Strada (passanti),2026-08,2026,4
GIORNALIERA_AGOSTO_2026_6d0d.pdf,2026-08-21,1,EDITORIA/LIBRI,25.0,STRADA (passanti),Strada (passanti),2026-08,2026,4
GIORNALIERA_AGOSTO_2026_6d0d.pdf,2026-08-21,1,VARIE,10.0,STRADA (passanti),Strada (passanti),2026-08,2026,4
GIORNALIERA_AGOSTO_2026_6d0d.pdf,2026-08-22,2,VARIE,11.0,STRADA (passanti),Strada (passanti),2026-08,2026,5
GIORNALIERA_AGOSTO_2026_6d0d.pdf,2026-08-22,1,GADGET,9.0,STRADA (passanti),Strada (passanti),2026-08,2026,5
GIORNALIERA_AGOSTO_2026_6d0d.pdf,2026-08-23,1,CARTOLINE,5.0,STRADA (passanti),Strada (passanti),2026-08,2026,6
GIORNALIERA_AGOSTO_2026_6d0d.pdf,2026-08-23,1,VARIE,45.0,STRADA (passanti),Strada (passanti),2026-08,2026,6
GIORNALIERA_AGOSTO_2026_6d0d.pdf,2026-08-23,1,GONDOLE,9.0,STRADA (passanti),Strada (passanti),2026-08,2026,6
GIORNALIERA_AGOSTO_2026_6d0d.pdf,2026-08-24,4,VARIE,28.0,STRADA (passanti),Strada (passanti),2026-08,2026,0
GIORNALIERA_AGOSTO_2026_6d0d.pdf,2026-08-24,1,VARIE,6.0,STRADA (passanti),Strada (passanti),2026-08,2026,0
GIORNALIERA_AGOSTO_2026_6d0d.pdf,2026-08-24,1,CARTOLINE,5.0,STRADA (passanti),Strada (passanti),2026-08,2026,0
GIORNALIERA_AGOSTO_2026_6d0d.pdf,2026-08-24,1,VARIE,7.2,STRADA (passanti),Strada (passanti),2026-08,2026,0
GIORNALIERA_AGOSTO_2026_6d0d.pdf,2026-08-24,1,VARIE,7.0,STRADA (passanti),Strada (passanti),2026-08,2026,0
GIORNALIERA_AGOSTO_2026_6d0d.pdf,2026-08-25,1,CARTOLINE,13.0,STRADA (passanti),Strada (passanti),2026-08,2026,1
GIORNALIERA_AGOSTO_2026_6d0d.pdf,2026-08-25,1,CARTOLINE,2.0,STRADA (passanti),Strada (passanti),2026-08,2026,1
GIORNALIERA_AGOSTO_2026_6d0d.pdf,2026-08-25,1,CARTOLINE,1.5,STRADA (passanti),Strada (passanti),2026-08,2026,1
GIORNALIERA_AGOSTO_2026_6d0d.pdf,2026-08-25,1,CARTOLINE,6.5,STRADA (passanti),Strada (passanti),2026-08,2026,1
GIORNALIERA_AGOSTO_2026_6d0d.pdf,2026-08-25,1,VARIE,15.9,STRADA (passanti),Strada (passanti),2026-08,2026,1
GIORNALIERA_AGOSTO_2026_6d0d.pdf,2026-08-25,1,CARTOLINE,1.5,STRADA (passanti),Strada (passanti),2026-08,2026,1
GIORNALIERA_AGOSTO_2026_6d0d.pdf,2026-08-25,1,VARIE,4.0,STRADA (passanti),Strada (passanti),2026-08,2026,1
GIORNALIERA_AGOSTO_2026_6d0d.pdf,2026-08-25,1,SEGNALIBRI,6.0,STRADA (passanti),Strada (passanti),2026-08,2026,1
GIORNALIERA_AGOSTO_2026_6d0d.pdf,2026-08-26,1,VARIE,14.0,STRADA (passanti),Strada (passanti),2026-08,2026,2
GIORNALIERA_AGOSTO_2026_6d0d.pdf,2026-08-26,1,CARTOLINE,1.0,STRADA (passanti),Strada (passanti),2026-08,2026,2
GIORNALIERA_AGOSTO_2026_6d0d.pdf,2026-08-26,1,VARIE,5.0,STRADA (passanti),Strada (passanti),2026-08,2026,2
GIORNALIERA_AGOSTO_2026_6d0d.pdf,2026-08-26,1,CARTOLINE,4.0,STRADA (passanti),Strada (passanti),2026-08,2026,2
GIORNALIERA_AGOSTO_2026_6d0d.pdf,2026-08-26,1,CARTOLINE,5.0,STRADA (passanti),Strada (passanti),2026-08,2026,2
GIORNALIERA_AGOSTO_2026_6d0d.pdf,2026-08-27,1,CARTOLINE,1.0,STRADA (passanti),Strada (passanti),2026-08,2026,3
GIORNALIERA_AGOSTO_2026_6d0d.pdf,2026-08-27,1,CARTOLINE,5.0,STRADA (passanti),Strada (passanti),2026-08,2026,3
GIORNALIERA_AGOSTO_2026_6d0d.pdf,2026-08-28,4,CARTOLERIA,3.0,STRADA (passanti),Strada (passanti),2026-08,2026,4
GIORNALIERA_AGOSTO_2026_6d0d.pdf,2026-08-28,2,CARTOLERIA,3.0,STRADA (passanti),Strada (passanti),2026-08,2026,4
GIORNALIERA_AGOSTO_2026_6d0d.pdf,2026-08-28,3,SEGNALIBRI,2.0,STRADA (passanti),Strada (passanti),2026-08,2026,4
GIORNALIERA_AGOSTO_2026_6d0d.pdf,2026-08-31,1,VARIE,5.4,STRADA (passanti),Strada (passanti),2026-08,2026,0
GIORNALIERA_APRILE_2025__84b7.pdf,2025-04-01,0,SEGNALIBRI,30.0,STRADA (passanti),Strada (passanti),2025-04,2025,1
GIORNALIERA_APRILE_2025__84b7.pdf,2025-04-01,2,ESPERIENZA,20.0,STRADA (passanti),Strada (passanti),2025-04,2025,1
GIORNALIERA_APRILE_2025__84b7.pdf,2025-04-02,4,VARIE,24.0,STRADA (passanti),Strada (passanti),2025-04,2025,2
GIORNALIERA_APRILE_2025__84b7.pdf,2025-04-02,2,CARTOLINE,5.0,STRADA (passanti),Strada (passanti),2025-04,2025,2
GIORNALIERA_APRILE_2025__84b7.pdf,2025-04-03,2,CARTOLINE,2.0,STRADA (passanti),Strada (passanti),2025-04,2025,3
GIORNALIERA_APRILE_2025__84b7.pdf,2025-04-03,2,EDITORIA/LIBRI,8.9,STRADA (passanti),Strada (passanti),2025-04,2025,3
GIORNALIERA_APRILE_2025__84b7.pdf,2025-04-03,2,VARIE,29.0,STRADA (passanti),Strada (passanti),2025-04,2025,3
GIORNALIERA_APRILE_2025__84b7.pdf,2025-04-04,2,VARIE,28.0,STRADA (passanti),Strada (passanti),2025-04,2025,4
GIORNALIERA_APRILE_2025__84b7.pdf,2025-04-05,1,EDITORIA/LIBRI,22.0,STRADA (passanti),Strada (passanti),2025-04,2025,5
GIORNALIERA_APRILE_2025__84b7.pdf,2025-04-05,2,VARIE,25.0,STRADA (passanti),Strada (passanti),2025-04,2025,5
GIORNALIERA_APRILE_2025__84b7.pdf,2025-04-05,2,VARIE,13.0,STRADA (passanti),Strada (passanti),2025-04,2025,5
GIORNALIERA_APRILE_2025__84b7.pdf,2025-04-05,4,VARIE,21.0,STRADA (passanti),Strada (passanti),2025-04,2025,5
GIORNALIERA_APRILE_2025__84b7.pdf,2025-04-05,2,EDITORIA/LIBRI,10.0,STRADA (passanti),Strada (passanti),2025-04,2025,5
GIORNALIERA_APRILE_2025__84b7.pdf,2025-04-05,2,GADGET,12.0,STRADA (passanti),Strada (passanti),2025-04,2025,5
GIORNALIERA_APRILE_2025__84b7.pdf,2025-04-06,1,CARTOLINE,1.0,STRADA (passanti),Strada (passanti),2025-04,2025,6
GIORNALIERA_APRILE_2025__84b7.pdf,2025-04-06,1,ALTRO,14.0,STRADA (passanti),Strada (passanti),2025-04,2025,6
GIORNALIERA_APRILE_2025__84b7.pdf,2025-04-06,1,CARTOLINE,1.0,STRADA (passanti),Strada (passanti),2025-04,2025,6
GIORNALIERA_APRILE_2025__84b7.pdf,2025-04-06,2,GADGET,15.5,STRADA (passanti),Strada (passanti),2025-04,2025,6
GIORNALIERA_APRILE_2025__84b7.pdf,2025-04-06,2,VARIE,35.0,STRADA (passanti),Strada (passanti),2025-04,2025,6
GIORNALIERA_APRILE_2025__84b7.pdf,2025-04-06,2,GADGET,4.0,STRADA (passanti),Strada (passanti),2025-04,2025,6
GIORNALIERA_APRILE_2025__84b7.pdf,2025-04-06,2,EDITORIA/LIBRI,22.0,STRADA (passanti),Strada (passanti),2025-04,2025,6
GIORNALIERA_APRILE_2025__84b7.pdf,2025-04-08,3,CARTOLINE,1.0,STRADA (passanti),Strada (passanti),2025-04,2025,1
GIORNALIERA_APRILE_2025__84b7.pdf,2025-04-08,2,SEGNALIBRI,6.0,STRADA (passanti),Strada (passanti),2025-04,2025,1
GIORNALIERA_APRILE_2025__84b7.pdf,2025-04-08,1,CARTOLINE,1.0,STRADA (passanti),Strada (passanti),2025-04,2025,1
GIORNALIERA_APRILE_2025__84b7.pdf,2025-04-08,2,CARTOLINE,1.5,STRADA (passanti),Strada (passanti),2025-04,2025,1
GIORNALIERA_APRILE_2025__84b7.pdf,2025-04-09,2,CARTOLINE,1.0,STRADA (passanti),Strada (passanti),2025-04,2025,2
GIORNALIERA_APRILE_2025__84b7.pdf,2025-04-09,2,CARTOLINE,5.0,STRADA (passanti),Strada (passanti),2025-04,2025,2
GIORNALIERA_APRILE_2025__84b7.pdf,2025-04-10,4,VARIE,31.0,STRADA (passanti),Strada (passanti),2025-04,2025,3
GIORNALIERA_APRILE_2025__84b7.pdf,2025-04-11,2,SEGNALIBRI,6.0,STRADA (passanti),Strada (passanti),2025-04,2025,4
GIORNALIERA_APRILE_2025__84b7.pdf,2025-04-11,1,EDITORIA/LIBRI,12.0,STRADA (passanti),Strada (passanti),2025-04,2025,4
GIORNALIERA_APRILE_2025__84b7.pdf,2025-04-11,2,VARIE,18.0,STRADA (passanti),Strada (passanti),2025-04,2025,4
GIORNALIERA_APRILE_2025__84b7.pdf,2025-04-11,1,EDITORIA/LIBRI,5.0,STRADA (passanti),Strada (passanti),2025-04,2025,4
GIORNALIERA_APRILE_2025__84b7.pdf,2025-04-11,1,GONDOLE,9.0,STRADA (passanti),Strada (passanti),2025-04,2025,4
GIORNALIERA_APRILE_2025__84b7.pdf,2025-04-12,1,ALTRO,10.0,STRADA (passanti),Strada (passanti),2025-04,2025,5
GIORNALIERA_APRILE_2025__84b7.pdf,2025-04-12,1,SEGNALIBRI,6.0,STRADA (passanti),Strada (passanti),2025-04,2025,5
GIORNALIERA_APRILE_2025__84b7.pdf,2025-04-12,2,SEGNALIBRI,18.0,STRADA (passanti),Strada (passanti),2025-04,2025,5
GIORNALIERA_APRILE_2025__84b7.pdf,2025-04-12,1,GADGET,4.5,STRADA (passanti),Strada (passanti),2025-04,2025,5
GIORNALIERA_APRILE_2025__84b7.pdf,2025-04-13,1,CARTOLINE,1.0,STRADA (passanti),Strada (passanti),2025-04,2025,6
GIORNALIERA_APRILE_2025__84b7.pdf,2025-04-14,3,CALAMITE,27.0,STRADA (passanti),Strada (passanti),2025-04,2025,0
GIORNALIERA_APRILE_2025__84b7.pdf,2025-04-14,3,ESPERIENZA,26.0,STRADA (passanti),Strada (passanti),2025-04,2025,0
GIORNALIERA_APRILE_2025__84b7.pdf,2025-04-14,1,VARIE,9.0,STRADA (passanti),Strada (passanti),2025-04,2025,0
GIORNALIERA_APRILE_2025__84b7.pdf,2025-04-14,2,GADGET,5.0,STRADA (passanti),Strada (passanti),2025-04,2025,0
GIORNALIERA_APRILE_2025__84b7.pdf,2025-04-15,4,ESPERIENZA,44.0,STRADA (passanti),Strada (passanti),2025-04,2025,1
GIORNALIERA_APRILE_2025__84b7.pdf,2025-04-15,2,ESPERIENZA,20.0,STRADA (passanti),Strada (passanti),2025-04,2025,1
GIORNALIERA_APRILE_2025__84b7.pdf,2025-04-15,0,CARTOLINE,1.0,STRADA (passanti),Strada (passanti),2025-04,2025,1
GIORNALIERA_APRILE_2025__84b7.pdf,2025-04-15,0,GONDOLE,21.0,STRADA (passanti),Strada (passanti),2025-04,2025,1
GIORNALIERA_APRILE_2025__84b7.pdf,2025-04-15,2,NON SPECIFICATO,0.0,STRADA (passanti),Strada (passanti),2025-04,2025,1
GIORNALIERA_APRILE_2025__84b7.pdf,2025-04-16,2,CARTOLINE,6.0,STRADA (passanti),Strada (passanti),2025-04,2025,2
GIORNALIERA_APRILE_2025__84b7.pdf,2025-04-16,2,ESPERIENZA,56.0,STRADA (passanti),Strada (passanti),2025-04,2025,2
GIORNALIERA_APRILE_2025__84b7.pdf,2025-04-16,2,VARIE,20.0,STRADA (passanti),Strada (passanti),2025-04,2025,2
GIORNALIERA_APRILE_2025__84b7.pdf,2025-04-16,2,VARIE,37.0,STRADA (passanti),Strada (passanti),2025-04,2025,2
GIORNALIERA_APRILE_2025__84b7.pdf,2025-04-16,2,VARIE,9.5,STRADA (passanti),Strada (passanti),2025-04,2025,2
GIORNALIERA_APRILE_2025__84b7.pdf,2025-04-16,2,VARIE,14.0,STRADA (passanti),Strada (passanti),2025-04,2025,2
GIORNALIERA_APRILE_2025__84b7.pdf,2025-04-17,1,SEGNALIBRI,6.0,STRADA (passanti),Strada (passanti),2025-04,2025,3
GIORNALIERA_APRILE_2025__84b7.pdf,2025-04-18,1,VARIE,29.0,STRADA (passanti),Strada (passanti),2025-04,2025,4
GIORNALIERA_APRILE_2025__84b7.pdf,2025-04-18,2,VARIE,48.0,STRADA (passanti),Strada (passanti),2025-04,2025,4
GIORNALIERA_APRILE_2025__84b7.pdf,2025-04-19,1,ESPERIENZA,8.0,STRADA (passanti),Strada (passanti),2025-04,2025,5
GIORNALIERA_APRILE_2025__84b7.pdf,2025-04-19,2,SEGNALIBRI,6.0,STRADA (passanti),Strada (passanti),2025-04,2025,5
GIORNALIERA_APRILE_2025__84b7.pdf,2025-04-20,1,EDITORIA/LIBRI,10.0,STRADA (passanti),Strada (passanti),2025-04,2025,6
GIORNALIERA_APRILE_2025__84b7.pdf,2025-04-20,2,EDITORIA/LIBRI,20.9,STRADA (passanti),Strada (passanti),2025-04,2025,6
GIORNALIERA_APRILE_2025__84b7.pdf,2025-04-20,2,VARIE,40.0,STRADA (passanti),Strada (passanti),2025-04,2025,6
GIORNALIERA_APRILE_2025__84b7.pdf,2025-04-20,2,ESPERIENZA,53.0,STRADA (passanti),Strada (passanti),2025-04,2025,6
GIORNALIERA_APRILE_2025__84b7.pdf,2025-04-21,2,CARTOLINE,1.0,STRADA (passanti),Strada (passanti),2025-04,2025,0
GIORNALIERA_APRILE_2025__84b7.pdf,2025-04-21,4,CARTOLINE,5.0,STRADA (passanti),Strada (passanti),2025-04,2025,0
GIORNALIERA_APRILE_2025__84b7.pdf,2025-04-22,2,EDITORIA/LIBRI,24.0,STRADA (passanti),Strada (passanti),2025-04,2025,1
GIORNALIERA_APRILE_2025__84b7.pdf,2025-04-22,3,VARIE,42.0,STRADA (passanti),Strada (passanti),2025-04,2025,1
GIORNALIERA_APRILE_2025__84b7.pdf,2025-04-22,1,GONDOLE,7.0,STRADA (passanti),Strada (passanti),2025-04,2025,1
GIORNALIERA_APRILE_2025__84b7.pdf,2025-04-22,2,VARIE,22.5,STRADA (passanti),Strada (passanti),2025-04,2025,1
GIORNALIERA_APRILE_2025__84b7.pdf,2025-04-22,2,CARTOLINE,2.0,STRADA (passanti),Strada (passanti),2025-04,2025,1
GIORNALIERA_APRILE_2025__84b7.pdf,2025-04-23,1,EDITORIA/LIBRI,5.0,STRADA (passanti),Strada (passanti),2025-04,2025,2
GIORNALIERA_APRILE_2025__84b7.pdf,2025-04-23,5,VARIE,20.0,STRADA (passanti),Strada (passanti),2025-04,2025,2
GIORNALIERA_APRILE_2025__84b7.pdf,2025-04-23,3,CARTOLERIA,14.0,STRADA (passanti),Strada (passanti),2025-04,2025,2
GIORNALIERA_APRILE_2025__84b7.pdf,2025-04-23,1,CARTOLERIA,4.5,STRADA (passanti),Strada (passanti),2025-04,2025,2
GIORNALIERA_APRILE_2025__84b7.pdf,2025-04-23,1,GADGET,16.0,STRADA (passanti),Strada (passanti),2025-04,2025,2
GIORNALIERA_APRILE_2025__84b7.pdf,2025-04-23,1,CARTOLINE,5.0,STRADA (passanti),Strada (passanti),2025-04,2025,2
GIORNALIERA_APRILE_2025__84b7.pdf,2025-04-24,2,SEGNALIBRI,6.0,STRADA (passanti),Strada (passanti),2025-04,2025,3
GIORNALIERA_APRILE_2025__84b7.pdf,2025-04-24,1,CARTOLERIA,14.0,STRADA (passanti),Strada (passanti),2025-04,2025,3
GIORNALIERA_APRILE_2025__84b7.pdf,2025-04-24,1,GONDOLE,7.0,STRADA (passanti),Strada (passanti),2025-04,2025,3
GIORNALIERA_APRILE_2025__84b7.pdf,2025-04-24,2,ESPERIENZA,20.0,STRADA (passanti),Strada (passanti),2025-04,2025,3
GIORNALIERA_APRILE_2025__84b7.pdf,2025-04-24,2,CARTOLINE,1.0,STRADA (passanti),Strada (passanti),2025-04,2025,3
GIORNALIERA_APRILE_2025__84b7.pdf,2025-04-24,4,ESPERIENZA,32.0,STRADA (passanti),Strada (passanti),2025-04,2025,3
GIORNALIERA_APRILE_2025__84b7.pdf,2025-04-24,4,ESPERIENZA,32.0,STRADA (passanti),Strada (passanti),2025-04,2025,3
GIORNALIERA_APRILE_2025__84b7.pdf,2025-04-25,2,POSTER,4.5,STRADA (passanti),Strada (passanti),2025-04,2025,4
GIORNALIERA_APRILE_2025__84b7.pdf,2025-04-25,2,SEGNALIBRI,18.0,STRADA (passanti),Strada (passanti),2025-04,2025,4
GIORNALIERA_APRILE_2025__84b7.pdf,2025-04-25,3,CARTOLINE,5.0,STRADA (passanti),Strada (passanti),2025-04,2025,4
GIORNALIERA_APRILE_2025__84b7.pdf,2025-04-25,2,CARTOLINE,5.0,STRADA (passanti),Strada (passanti),2025-04,2025,4
GIORNALIERA_APRILE_2025__84b7.pdf,2025-04-25,2,VARIE,16.0,STRADA (passanti),Strada (passanti),2025-04,2025,4
GIORNALIERA_APRILE_2025__84b7.pdf,2025-04-25,2,VARIE,22.9,STRADA (passanti),Strada (passanti),2025-04,2025,4
GIORNALIERA_APRILE_2025__84b7.pdf,2025-04-25,1,ESPERIENZA,7.0,STRADA (passanti),Strada (passanti),2025-04,2025,4
GIORNALIERA_APRILE_2025__84b7.pdf,2025-04-25,2,VARIE,5.5,STRADA (passanti),Strada (passanti),2025-04,2025,4
GIORNALIERA_APRILE_2025__84b7.pdf,2025-04-25,2,ESPERIENZA,16.0,STRADA (passanti),Strada (passanti),2025-04,2025,4
GIORNALIERA_APRILE_2025__84b7.pdf,2025-04-27,2,GADGET,14.0,STRADA (passanti),Strada (passanti),2025-04,2025,6
GIORNALIERA_APRILE_2025__84b7.pdf,2025-04-27,4,GADGET,22.0,STRADA (passanti),Strada (passanti),2025-04,2025,6
GIORNALIERA_APRILE_2025__84b7.pdf,2025-04-28,2,VARIE,28.5,STRADA (passanti),Strada (passanti),2025-04,2025,0
GIORNALIERA_APRILE_2025__84b7.pdf,2025-04-28,2,CARTOLINE,5.0,STRADA (passanti),Strada (passanti),2025-04,2025,0
GIORNALIERA_APRILE_2025__84b7.pdf,2025-04-28,3,ALTRO,10.0,STRADA (passanti),Strada (passanti),2025-04,2025,0
GIORNALIERA_APRILE_2025__84b7.pdf,2025-04-28,4,GONDOLE,7.0,STRADA (passanti),Strada (passanti),2025-04,2025,0
GIORNALIERA_APRILE_2025__84b7.pdf,2025-04-28,1,CARTOLINE,1.0,STRADA (passanti),Strada (passanti),2025-04,2025,0
GIORNALIERA_APRILE_2025__84b7.pdf,2025-04-29,2,ESPERIENZA,20.0,STRADA (passanti),Strada (passanti),2025-04,2025,1
GIORNALIERA_APRILE_2025__84b7.pdf,2025-04-30,3,SEGNALIBRI,6.0,STRADA (passanti),Strada (passanti),2025-04,2025,2
GIORNALIERA_APRILE_2025__84b7.pdf,2025-04-30,1,CALAMITE,4.0,STRADA (passanti),Strada (passanti),2025-04,2025,2
GIORNALIERA_APRILE_2025__84b7.pdf,2025-04-30,3,CARTOLINE,10.0,STRADA (passanti),Strada (passanti),2025-04,2025,2
GIORNALIERA_APRILE_2025__84b7.pdf,2025-04-30,3,ESPERIENZA,28.0,STRADA (passanti),Strada (passanti),2025-04,2025,2
GIORNALIERA_APRILE_2025__84b7.pdf,2025-04-30,1,EDITORIA/LIBRI,10.0,STRADA (passanti),Strada (passanti),2025-04,2025,2
GIORNALIERA_APRILE_2025__84b7.pdf,2025-04-30,2,GADGET,5.0,STRADA (passanti),Strada (passanti),2025-04,2025,2
GIORNALIERA_APRILE_2025__84b7.pdf,2025-04-30,1,VARIE,14.0,STRADA (passanti),Strada (passanti),2025-04,2025,2
GIORNALIERA_APRILE_2025__84b7.pdf,2025-04-30,2,VARIE,29.0,STRADA (passanti),Strada (passanti),2025-04,2025,2
GIORNALIERA_APRILE_2025__84b7.pdf,2025-04-30,1,VARIE,1.0,STRADA (passanti),Strada (passanti),2025-04,2025,2
GIORNALIERA_APRILE_2025__84b7.pdf,2025-04-30,2,VARIE,11.0,STRADA (passanti),Strada (passanti),2025-04,2025,2
GIORNALIERA_APRILE_2025__84b7.pdf,2025-04-30,2,GADGET,3.0,STRADA (passanti),Strada (passanti),2025-04,2025,2
GIORNALIERA_APRILE_2026_b50d.pdf,2026-04-01,2,VARIE,24.8,STRADA (passanti),Strada (passanti),2026-04,2026,2
GIORNALIERA_APRILE_2026_b50d.pdf,2026-04-01,1,EDITORIA/LIBRI,15.0,STRADA (passanti),Strada (passanti),2026-04,2026,2
GIORNALIERA_APRILE_2026_b50d.pdf,2026-04-01,1,VARIE,5.0,STRADA (passanti),Strada (passanti),2026-04,2026,2
GIORNALIERA_APRILE_2026_b50d.pdf,2026-04-01,1,VARIE,17.2,STRADA (passanti),Strada (passanti),2026-04,2026,2
GIORNALIERA_APRILE_2026_b50d.pdf,2026-04-01,2,VARIE,17.0,STRADA (passanti),Strada (passanti),2026-04,2026,2
GIORNALIERA_APRILE_2026_b50d.pdf,2026-04-01,2,CARTOLINE,11.0,STRADA (passanti),Strada (passanti),2026-04,2026,2
GIORNALIERA_APRILE_2026_b50d.pdf,2026-04-01,1,CARTOLINE,5.0,STRADA (passanti),Strada (passanti),2026-04,2026,2
GIORNALIERA_APRILE_2026_b50d.pdf,2026-04-02,1,EDITORIA/LIBRI,10.8,STRADA (passanti),Strada (passanti),2026-04,2026,3
GIORNALIERA_APRILE_2026_b50d.pdf,2026-04-02,1,SEGNALIBRI,6.0,STRADA (passanti),Strada (passanti),2026-04,2026,3
GIORNALIERA_APRILE_2026_b50d.pdf,2026-04-03,1,CARTOLINE,1.0,STRADA (passanti),Strada (passanti),2026-04,2026,4
GIORNALIERA_APRILE_2026_b50d.pdf,2026-04-03,2,CARTOLINE,2.0,STRADA (passanti),Strada (passanti),2026-04,2026,4
GIORNALIERA_APRILE_2026_b50d.pdf,2026-04-03,2,GONDOLE,19.2,STRADA (passanti),Strada (passanti),2026-04,2026,4
GIORNALIERA_APRILE_2026_b50d.pdf,2026-04-04,2,ESPERIENZA,20.0,STRADA (passanti),Strada (passanti),2026-04,2026,5
GIORNALIERA_APRILE_2026_b50d.pdf,2026-04-04,1,CARTOLERIA,2.0,STRADA (passanti),Strada (passanti),2026-04,2026,5
GIORNALIERA_APRILE_2026_b50d.pdf,2026-04-05,1,GONDOLE,12.0,STRADA (passanti),Strada (passanti),2026-04,2026,6
GIORNALIERA_APRILE_2026_b50d.pdf,2026-04-06,2,ESPERIENZA,20.0,STRADA (passanti),Strada (passanti),2026-04,2026,0
GIORNALIERA_APRILE_2026_b50d.pdf,2026-04-06,2,CARTOLINE,1.0,STRADA (passanti),Strada (passanti),2026-04,2026,0
GIORNALIERA_APRILE_2026_b50d.pdf,2026-04-06,2,CARTOLERIA,2.0,STRADA (passanti),Strada (passanti),2026-04,2026,0
GIORNALIERA_APRILE_2026_b50d.pdf,2026-04-07,1,CARTOLINE,1.0,STRADA (passanti),Strada (passanti),2026-04,2026,1
GIORNALIERA_APRILE_2026_b50d.pdf,2026-04-07,1,CARTOLINE,2.0,STRADA (passanti),Strada (passanti),2026-04,2026,1
GIORNALIERA_APRILE_2026_b50d.pdf,2026-04-08,1,VARIE,6.0,STRADA (passanti),Strada (passanti),2026-04,2026,2
GIORNALIERA_APRILE_2026_b50d.pdf,2026-04-08,1,EDITORIA/LIBRI,20.0,STRADA (passanti),Strada (passanti),2026-04,2026,2
GIORNALIERA_APRILE_2026_b50d.pdf,2026-04-08,1,CARTOLINE,5.0,STRADA (passanti),Strada (passanti),2026-04,2026,2
GIORNALIERA_APRILE_2026_b50d.pdf,2026-04-08,1,VARIE,20.0,STRADA (passanti),Strada (passanti),2026-04,2026,2
GIORNALIERA_APRILE_2026_b50d.pdf,2026-04-08,1,CARTOLINE,3.0,STRADA (passanti),Strada (passanti),2026-04,2026,2
GIORNALIERA_APRILE_2026_b50d.pdf,2026-04-08,1,CARTOLINE,5.0,STRADA (passanti),Strada (passanti),2026-04,2026,2
GIORNALIERA_APRILE_2026_b50d.pdf,2026-04-09,2,VARIE,5.0,STRADA (passanti),Strada (passanti),2026-04,2026,3
GIORNALIERA_APRILE_2026_b50d.pdf,2026-04-09,1,VARIE,36.0,STRADA (passanti),Strada (passanti),2026-04,2026,3
GIORNALIERA_APRILE_2026_b50d.pdf,2026-04-09,2,VARIE,15.5,STRADA (passanti),Strada (passanti),2026-04,2026,3
GIORNALIERA_APRILE_2026_b50d.pdf,2026-04-10,1,SEGNALIBRI,6.0,STRADA (passanti),Strada (passanti),2026-04,2026,4
GIORNALIERA_APRILE_2026_b50d.pdf,2026-04-10,3,VARIE,35.0,STRADA (passanti),Strada (passanti),2026-04,2026,4
GIORNALIERA_APRILE_2026_b50d.pdf,2026-04-10,1,VARIE,13.0,STRADA (passanti),Strada (passanti),2026-04,2026,4
GIORNALIERA_APRILE_2026_b50d.pdf,2026-04-13,1,SEGNALIBRI,1.0,STRADA (passanti),Strada (passanti),2026-04,2026,0
GIORNALIERA_APRILE_2026_b50d.pdf,2026-04-13,1,VARIE,10.0,STRADA (passanti),Strada (passanti),2026-04,2026,0
GIORNALIERA_APRILE_2026_b50d.pdf,2026-04-13,1,VARIE,10.8,STRADA (passanti),Strada (passanti),2026-04,2026,0
GIORNALIERA_APRILE_2026_b50d.pdf,2026-04-13,1,CARTOLINE,5.0,STRADA (passanti),Strada (passanti),2026-04,2026,0
GIORNALIERA_APRILE_2026_b50d.pdf,2026-04-13,2,VARIE,13.0,STRADA (passanti),Strada (passanti),2026-04,2026,0
GIORNALIERA_APRILE_2026_b50d.pdf,2026-04-13,2,VARIE,18.0,STRADA (passanti),Strada (passanti),2026-04,2026,0
GIORNALIERA_APRILE_2026_b50d.pdf,2026-04-14,1,EDITORIA/LIBRI,12.0,STRADA (passanti),Strada (passanti),2026-04,2026,1
GIORNALIERA_APRILE_2026_b50d.pdf,2026-04-14,1,EDITORIA/LIBRI,12.0,STRADA (passanti),Strada (passanti),2026-04,2026,1
GIORNALIERA_APRILE_2026_b50d.pdf,2026-04-14,1,CARTOLINE,2.0,STRADA (passanti),Strada (passanti),2026-04,2026,1
GIORNALIERA_APRILE_2026_b50d.pdf,2026-04-14,1,CARTOLINE,1.5,STRADA (passanti),Strada (passanti),2026-04,2026,1
GIORNALIERA_APRILE_2026_b50d.pdf,2026-04-15,6,VARIE,48.0,STRADA (passanti),Strada (passanti),2026-04,2026,2
GIORNALIERA_APRILE_2026_b50d.pdf,2026-04-15,2,GONDOLE,18.0,STRADA (passanti),Strada (passanti),2026-04,2026,2
GIORNALIERA_APRILE_2026_b50d.pdf,2026-04-15,2,VARIE,50.0,STRADA (passanti),Strada (passanti),2026-04,2026,2
GIORNALIERA_APRILE_2026_b50d.pdf,2026-04-16,4,VARIE,19.5,STRADA (passanti),Strada (passanti),2026-04,2026,3
GIORNALIERA_APRILE_2026_b50d.pdf,2026-04-16,1,VARIE,6.0,STRADA (passanti),Strada (passanti),2026-04,2026,3
GIORNALIERA_APRILE_2026_b50d.pdf,2026-04-16,1,CARTOLINE,1.0,STRADA (passanti),Strada (passanti),2026-04,2026,3
GIORNALIERA_APRILE_2026_b50d.pdf,2026-04-17,1,GADGET,12.0,STRADA (passanti),Strada (passanti),2026-04,2026,4
GIORNALIERA_APRILE_2026_b50d.pdf,2026-04-17,1,VARIE,18.0,STRADA (passanti),Strada (passanti),2026-04,2026,4
GIORNALIERA_APRILE_2026_b50d.pdf,2026-04-19,2,EDITORIA/LIBRI,12.0,STRADA (passanti),Strada (passanti),2026-04,2026,6
GIORNALIERA_APRILE_2026_b50d.pdf,2026-04-19,2,CARTOLERIA,4.0,STRADA (passanti),Strada (passanti),2026-04,2026,6
GIORNALIERA_APRILE_2026_b50d.pdf,2026-04-19,2,GADGET,19.8,STRADA (passanti),Strada (passanti),2026-04,2026,6
GIORNALIERA_APRILE_2026_b50d.pdf,2026-04-21,1,VARIE,9.5,STRADA (passanti),Strada (passanti),2026-04,2026,1
GIORNALIERA_APRILE_2026_b50d.pdf,2026-04-21,1,SEGNALIBRI,6.0,STRADA (passanti),Strada (passanti),2026-04,2026,1
GIORNALIERA_APRILE_2026_b50d.pdf,2026-04-22,1,VARIE,6.0,STRADA (passanti),Strada (passanti),2026-04,2026,2
GIORNALIERA_APRILE_2026_b50d.pdf,2026-04-22,1,EDITORIA/LIBRI,16.0,STRADA (passanti),Strada (passanti),2026-04,2026,2
GIORNALIERA_APRILE_2026_b50d.pdf,2026-04-22,1,VARIE,18.0,STRADA (passanti),Strada (passanti),2026-04,2026,2
GIORNALIERA_APRILE_2026_b50d.pdf,2026-04-23,1,GONDOLE,9.0,STRADA (passanti),Strada (passanti),2026-04,2026,3
GIORNALIERA_APRILE_2026_b50d.pdf,2026-04-23,1,CARTOLINE,2.0,STRADA (passanti),Strada (passanti),2026-04,2026,3
GIORNALIERA_APRILE_2026_b50d.pdf,2026-04-23,1,VARIE,7.2,STRADA (passanti),Strada (passanti),2026-04,2026,3
GIORNALIERA_APRILE_2026_b50d.pdf,2026-04-23,2,VARIE,12.0,STRADA (passanti),Strada (passanti),2026-04,2026,3
GIORNALIERA_APRILE_2026_b50d.pdf,2026-04-23,2,VARIE,7.0,STRADA (passanti),Strada (passanti),2026-04,2026,3
GIORNALIERA_APRILE_2026_b50d.pdf,2026-04-23,1,SEGNALIBRI,5.0,STRADA (passanti),Strada (passanti),2026-04,2026,3
GIORNALIERA_APRILE_2026_b50d.pdf,2026-04-23,1,VARIE,8.0,STRADA (passanti),Strada (passanti),2026-04,2026,3
GIORNALIERA_APRILE_2026_b50d.pdf,2026-04-23,1,VARIE,8.0,STRADA (passanti),Strada (passanti),2026-04,2026,3
GIORNALIERA_APRILE_2026_b50d.pdf,2026-04-23,1,VARIE,34.0,STRADA (passanti),Strada (passanti),2026-04,2026,3
GIORNALIERA_APRILE_2026_b50d.pdf,2026-04-23,1,VARIE,9.6,STRADA (passanti),Strada (passanti),2026-04,2026,3
GIORNALIERA_APRILE_2026_b50d.pdf,2026-04-23,1,VARIE,50.0,STRADA (passanti),Strada (passanti),2026-04,2026,3
GIORNALIERA_APRILE_2026_b50d.pdf,2026-04-24,1,VARIE,7.2,STRADA (passanti),Strada (passanti),2026-04,2026,4
GIORNALIERA_APRILE_2026_b50d.pdf,2026-04-24,2,VARIE,27.2,STRADA (passanti),Strada (passanti),2026-04,2026,4
GIORNALIERA_APRILE_2026_b50d.pdf,2026-04-24,1,CARTOLINE,3.0,STRADA (passanti),Strada (passanti),2026-04,2026,4
GIORNALIERA_APRILE_2026_b50d.pdf,2026-04-24,1,VARIE,5.4,STRADA (passanti),Strada (passanti),2026-04,2026,4
GIORNALIERA_APRILE_2026_b50d.pdf,2026-04-24,1,CARTOLINE,3.0,STRADA (passanti),Strada (passanti),2026-04,2026,4
GIORNALIERA_APRILE_2026_b50d.pdf,2026-04-25,1,ESPERIENZA,7.0,STRADA (passanti),Strada (passanti),2026-04,2026,5
GIORNALIERA_APRILE_2026_b50d.pdf,2026-04-26,3,VARIE,28.0,STRADA (passanti),Strada (passanti),2026-04,2026,6
GIORNALIERA_APRILE_2026_b50d.pdf,2026-04-27,1,VARIE,10.0,STRADA (passanti),Strada (passanti),2026-04,2026,0
GIORNALIERA_APRILE_2026_b50d.pdf,2026-04-27,1,CARTOLINE,1.0,STRADA (passanti),Strada (passanti),2026-04,2026,0
GIORNALIERA_APRILE_2026_b50d.pdf,2026-04-28,1,VARIE,6.0,STRADA (passanti),Strada (passanti),2026-04,2026,1
GIORNALIERA_APRILE_2026_b50d.pdf,2026-04-28,3,VARIE,15.0,STRADA (passanti),Strada (passanti),2026-04,2026,1
GIORNALIERA_APRILE_2026_b50d.pdf,2026-04-28,1,CARTOLINE,5.0,STRADA (passanti),Strada (passanti),2026-04,2026,1
GIORNALIERA_APRILE_2026_b50d.pdf,2026-04-28,2,VARIE,15.0,STRADA (passanti),Strada (passanti),2026-04,2026,1
GIORNALIERA_APRILE_2026_b50d.pdf,2026-04-28,1,VARIE,4.0,STRADA (passanti),Strada (passanti),2026-04,2026,1
GIORNALIERA_APRILE_2026_b50d.pdf,2026-04-28,1,VARIE,10.0,STRADA (passanti),Strada (passanti),2026-04,2026,1
GIORNALIERA_APRILE_2026_b50d.pdf,2026-04-29,1,EDITORIA/LIBRI,15.0,STRADA (passanti),Strada (passanti),2026-04,2026,2
GIORNALIERA_APRILE_2026_b50d.pdf,2026-04-29,1,GONDOLE,24.0,STRADA (passanti),Strada (passanti),2026-04,2026,2
GIORNALIERA_APRILE_2026_b50d.pdf,2026-04-29,1,VARIE,9.0,STRADA (passanti),Strada (passanti),2026-04,2026,2
GIORNALIERA_APRILE_2026_b50d.pdf,2026-04-29,1,VARIE,1.0,STRADA (passanti),Strada (passanti),2026-04,2026,2
GIORNALIERA_APRILE_2026_b50d.pdf,2026-04-30,2,VARIE,28.2,STRADA (passanti),Strada (passanti),2026-04,2026,3
GIORNALIERA_APRILE_2026_b50d.pdf,2026-04-30,1,VARIE,14.0,STRADA (passanti),Strada (passanti),2026-04,2026,3
GIORNALIERA_APRILE_2026_b50d.pdf,2026-04-30,1,CARTOLINE,2.0,STRADA (passanti),Strada (passanti),2026-04,2026,3
GIORNALIERA_APRILE_2026_b50d.pdf,2026-04-30,2,VARIE,35.0,STRADA (passanti),Strada (passanti),2026-04,2026,3
GIORNALIERA_APRILE_2026_b50d.pdf,2026-04-30,1,EDITORIA/LIBRI,20.0,STRADA (passanti),Strada (passanti),2026-04,2026,3
GIORNALIERA_DICEMBRE_2025__a542.pdf,2025-12-01,2,ALTRO,19.5,STRADA (passanti),Strada (passanti),2025-12,2025,0
GIORNALIERA_DICEMBRE_2025__a542.pdf,2025-12-01,2,GONDOLE,12.0,STRADA (passanti),Strada (passanti),2025-12,2025,0
GIORNALIERA_DICEMBRE_2025__a542.pdf,2025-12-03,2,GADGET,30.0,STRADA (passanti),Strada (passanti),2025-12,2025,2
GIORNALIERA_DICEMBRE_2025__a542.pdf,2025-12-03,1,GADGET,4.5,STRADA (passanti),Strada (passanti),2025-12,2025,2
GIORNALIERA_DICEMBRE_2025__a542.pdf,2025-12-03,1,ESPERIENZA,10.0,STRADA (passanti),Strada (passanti),2025-12,2025,2
GIORNALIERA_DICEMBRE_2025__a542.pdf,2025-12-04,1,SEGNALIBRI,1.0,STRADA (passanti),Strada (passanti),2025-12,2025,3
GIORNALIERA_DICEMBRE_2025__a542.pdf,2025-12-04,1,CARTOLERIA,4.0,STRADA (passanti),Strada (passanti),2025-12,2025,3
GIORNALIERA_DICEMBRE_2025__a542.pdf,2025-12-04,2,SEGNALIBRI,6.0,STRADA (passanti),Strada (passanti),2025-12,2025,3
GIORNALIERA_DICEMBRE_2025__a542.pdf,2025-12-05,2,CARTOLINE,1.0,STRADA (passanti),Strada (passanti),2025-12,2025,4
GIORNALIERA_DICEMBRE_2025__a542.pdf,2025-12-05,2,ALTRO,9.0,STRADA (passanti),Strada (passanti),2025-12,2025,4
GIORNALIERA_DICEMBRE_2025__a542.pdf,2025-12-06,1,CARTOLINE,5.0,STRADA (passanti),Strada (passanti),2025-12,2025,5
GIORNALIERA_DICEMBRE_2025__a542.pdf,2025-12-06,1,SEGNALIBRI,6.0,STRADA (passanti),Strada (passanti),2025-12,2025,5
GIORNALIERA_DICEMBRE_2025__a542.pdf,2025-12-06,2,ESPERIENZA,20.0,STRADA (passanti),Strada (passanti),2025-12,2025,5
GIORNALIERA_DICEMBRE_2025__a542.pdf,2025-12-06,2,SEGNALIBRI,3.0,STRADA (passanti),Strada (passanti),2025-12,2025,5
GIORNALIERA_DICEMBRE_2025__a542.pdf,2025-12-07,1,VARIE,6.5,STRADA (passanti),Strada (passanti),2025-12,2025,6
GIORNALIERA_DICEMBRE_2025__a542.pdf,2025-12-07,1,CARTOLERIA,16.5,STRADA (passanti),Strada (passanti),2025-12,2025,6
GIORNALIERA_DICEMBRE_2025__a542.pdf,2025-12-08,2,CARTOLINE,3.0,STRADA (passanti),Strada (passanti),2025-12,2025,0
GIORNALIERA_DICEMBRE_2025__a542.pdf,2025-12-08,1,ALTRO,3.0,STRADA (passanti),Strada (passanti),2025-12,2025,0
GIORNALIERA_DICEMBRE_2025__a542.pdf,2025-12-08,2,SEGNALIBRI,8.0,STRADA (passanti),Strada (passanti),2025-12,2025,0
GIORNALIERA_DICEMBRE_2025__a542.pdf,2025-12-10,2,CARTOLINE,2.0,STRADA (passanti),Strada (passanti),2025-12,2025,2
GIORNALIERA_DICEMBRE_2025__a542.pdf,2025-12-10,2,ESPERIENZA,20.0,STRADA (passanti),Strada (passanti),2025-12,2025,2
GIORNALIERA_DICEMBRE_2025__a542.pdf,2025-12-11,2,CARTOLINE,2.5,STRADA (passanti),Strada (passanti),2025-12,2025,3
GIORNALIERA_DICEMBRE_2025__a542.pdf,2025-12-11,1,CARTOLINE,5.0,STRADA (passanti),Strada (passanti),2025-12,2025,3
GIORNALIERA_DICEMBRE_2025__a542.pdf,2025-12-12,2,CARTOLINE,5.0,STRADA (passanti),Strada (passanti),2025-12,2025,4
GIORNALIERA_DICEMBRE_2025__a542.pdf,2025-12-13,2,VARIE,56.0,STRADA (passanti),Strada (passanti),2025-12,2025,5
GIORNALIERA_DICEMBRE_2025__a542.pdf,2025-12-13,1,CARTOLINE,1.0,STRADA (passanti),Strada (passanti),2025-12,2025,5
GIORNALIERA_DICEMBRE_2025__a542.pdf,2025-12-14,2,VARIE,10.0,STRADA (passanti),Strada (passanti),2025-12,2025,6
GIORNALIERA_DICEMBRE_2025__a542.pdf,2025-12-14,1,POSTER,3.0,STRADA (passanti),Strada (passanti),2025-12,2025,6
GIORNALIERA_DICEMBRE_2025__a542.pdf,2025-12-16,2,CARTOLINE,3.0,STRADA (passanti),Strada (passanti),2025-12,2025,1
GIORNALIERA_DICEMBRE_2025__a542.pdf,2025-12-16,2,SEGNALIBRI,11.0,STRADA (passanti),Strada (passanti),2025-12,2025,1
GIORNALIERA_DICEMBRE_2025__a542.pdf,2025-12-17,3,ESPERIENZA,30.0,STRADA (passanti),Strada (passanti),2025-12,2025,2
GIORNALIERA_DICEMBRE_2025__a542.pdf,2025-12-17,0,SEGNALIBRI,4.5,STRADA (passanti),Strada (passanti),2025-12,2025,2
GIORNALIERA_DICEMBRE_2025__a542.pdf,2025-12-17,1,CARTOLERIA,4.0,STRADA (passanti),Strada (passanti),2025-12,2025,2
GIORNALIERA_DICEMBRE_2025__a542.pdf,2025-12-19,2,ESPERIENZA,16.0,STRADA (passanti),Strada (passanti),2025-12,2025,4
GIORNALIERA_DICEMBRE_2025__a542.pdf,2025-12-19,2,CALAMITE,6.0,STRADA (passanti),Strada (passanti),2025-12,2025,4
GIORNALIERA_DICEMBRE_2025__a542.pdf,2025-12-20,1,CALAMITE,6.0,STRADA (passanti),Strada (passanti),2025-12,2025,5
GIORNALIERA_DICEMBRE_2025__a542.pdf,2025-12-20,2,GONDOLE,18.0,STRADA (passanti),Strada (passanti),2025-12,2025,5
GIORNALIERA_DICEMBRE_2025__a542.pdf,2025-12-20,1,SEGNALIBRI,1.0,STRADA (passanti),Strada (passanti),2025-12,2025,5
GIORNALIERA_DICEMBRE_2025__a542.pdf,2025-12-20,1,CARTOLINE,5.0,STRADA (passanti),Strada (passanti),2025-12,2025,5
GIORNALIERA_DICEMBRE_2025__a542.pdf,2025-12-21,1,CALAMITE,6.0,STRADA (passanti),Strada (passanti),2025-12,2025,6
GIORNALIERA_DICEMBRE_2025__a542.pdf,2025-12-21,2,VARIE,9.0,STRADA (passanti),Strada (passanti),2025-12,2025,6
GIORNALIERA_DICEMBRE_2025__a542.pdf,2025-12-21,2,VARIE,15.0,STRADA (passanti),Strada (passanti),2025-12,2025,6
GIORNALIERA_DICEMBRE_2025__a542.pdf,2025-12-22,2,SEGNALIBRI,20.9,STRADA (passanti),Strada (passanti),2025-12,2025,0
GIORNALIERA_DICEMBRE_2025__a542.pdf,2025-12-23,2,CARTOLINE,10.0,STRADA (passanti),Strada (passanti),2025-12,2025,1
GIORNALIERA_DICEMBRE_2025__a542.pdf,2025-12-23,3,CARTOLINE,8.0,STRADA (passanti),Strada (passanti),2025-12,2025,1
GIORNALIERA_DICEMBRE_2025__a542.pdf,2025-12-24,3,NON SPECIFICATO,0.0,STRADA (passanti),Strada (passanti),2025-12,2025,2
GIORNALIERA_DICEMBRE_2025__a542.pdf,2025-12-24,4,NON SPECIFICATO,0.0,STRADA (passanti),Strada (passanti),2025-12,2025,2
GIORNALIERA_DICEMBRE_2025__a542.pdf,2025-12-24,2,NON SPECIFICATO,0.0,STRADA (passanti),Strada (passanti),2025-12,2025,2
GIORNALIERA_DICEMBRE_2025__a542.pdf,2025-12-24,2,NON SPECIFICATO,0.0,STRADA (passanti),Strada (passanti),2025-12,2025,2
GIORNALIERA_DICEMBRE_2025__a542.pdf,2025-12-24,2,NON SPECIFICATO,0.0,STRADA (passanti),Strada (passanti),2025-12,2025,2
GIORNALIERA_DICEMBRE_2025__a542.pdf,2025-12-26,2,CALAMITE,10.0,STRADA (passanti),Strada (passanti),2025-12,2025,4
GIORNALIERA_DICEMBRE_2025__a542.pdf,2025-12-26,2,CALAMITE,6.0,STRADA (passanti),Strada (passanti),2025-12,2025,4
GIORNALIERA_DICEMBRE_2025__a542.pdf,2025-12-26,2,NON SPECIFICATO,0.0,STRADA (passanti),Strada (passanti),2025-12,2025,4
GIORNALIERA_DICEMBRE_2025__a542.pdf,2025-12-26,4,NON SPECIFICATO,0.0,STRADA (passanti),Strada (passanti),2025-12,2025,4
GIORNALIERA_DICEMBRE_2025__a542.pdf,2025-12-26,2,NON SPECIFICATO,0.0,STRADA (passanti),Strada (passanti),2025-12,2025,4
GIORNALIERA_DICEMBRE_2025__a542.pdf,2025-12-26,2,NON SPECIFICATO,0.0,STRADA (passanti),Strada (passanti),2025-12,2025,4
GIORNALIERA_DICEMBRE_2025__a542.pdf,2025-12-26,3,NON SPECIFICATO,0.0,STRADA (passanti),Strada (passanti),2025-12,2025,4
GIORNALIERA_DICEMBRE_2025__a542.pdf,2025-12-26,3,CARTOLERIA,8.0,STRADA (passanti),Strada (passanti),2025-12,2025,4
GIORNALIERA_DICEMBRE_2025__a542.pdf,2025-12-27,2,CARTOLERIA,26.5,STRADA (passanti),Strada (passanti),2025-12,2025,5
GIORNALIERA_DICEMBRE_2025__a542.pdf,2025-12-27,2,VARIE,17.0,STRADA (passanti),Strada (passanti),2025-12,2025,5
GIORNALIERA_DICEMBRE_2025__a542.pdf,2025-12-28,2,VARIE,21.0,STRADA (passanti),Strada (passanti),2025-12,2025,6
GIORNALIERA_DICEMBRE_2025__a542.pdf,2025-12-28,1,EDITORIA/LIBRI,12.0,STRADA (passanti),Strada (passanti),2025-12,2025,6
GIORNALIERA_DICEMBRE_2025__a542.pdf,2025-12-28,1,CALAMITE,4.0,STRADA (passanti),Strada (passanti),2025-12,2025,6
GIORNALIERA_DICEMBRE_2025__a542.pdf,2025-12-29,1,CALAMITE,6.0,STRADA (passanti),Strada (passanti),2025-12,2025,0
GIORNALIERA_DICEMBRE_2025__a542.pdf,2025-12-30,2,ESPERIENZA,20.0,STRADA (passanti),Strada (passanti),2025-12,2025,1
GIORNALIERA_DICEMBRE_2025__a542.pdf,2025-12-30,2,ESPERIENZA,20.0,STRADA (passanti),Strada (passanti),2025-12,2025,1
GIORNALIERA_DICEMBRE_2025__a542.pdf,2025-12-30,1,CARTOLERIA,3.0,STRADA (passanti),Strada (passanti),2025-12,2025,1
GIORNALIERA_DICEMBRE_2025__a542.pdf,2025-12-30,2,ESPERIENZA,20.0,STRADA (passanti),Strada (passanti),2025-12,2025,1
GIORNALIERA_DICEMBRE_2025__a542.pdf,2025-12-30,1,GONDOLE,30.0,STRADA (passanti),Strada (passanti),2025-12,2025,1
GIORNALIERA_DICEMBRE_2025__a542.pdf,2025-12-30,1,CALAMITE,4.0,STRADA (passanti),Strada (passanti),2025-12,2025,1
GIORNALIERA_DICEMBRE_2025__a542.pdf,2025-12-31,1,CARTOLERIA,15.0,STRADA (passanti),Strada (passanti),2025-12,2025,2
GIORNALIERA_DICEMBRE_2025__a542.pdf,2025-12-31,2,POSTER,3.0,STRADA (passanti),Strada (passanti),2025-12,2025,2
GIORNALIERA_FEBBRAIO_2025__898e.pdf,2025-02-06,1,CARTOLERIA,7.5,STRADA (passanti),Strada (passanti),2025-02,2025,3
GIORNALIERA_FEBBRAIO_2025__898e.pdf,2025-02-08,2,VARIE,18.5,STRADA (passanti),Strada (passanti),2025-02,2025,5
GIORNALIERA_FEBBRAIO_2025__898e.pdf,2025-02-09,1,EDITORIA/LIBRI,13.0,STRADA (passanti),Strada (passanti),2025-02,2025,6
GIORNALIERA_FEBBRAIO_2025__898e.pdf,2025-02-09,2,SEGNALIBRI,6.0,STRADA (passanti),Strada (passanti),2025-02,2025,6
GIORNALIERA_FEBBRAIO_2025__898e.pdf,2025-02-11,2,VARIE,18.5,STRADA (passanti),Strada (passanti),2025-02,2025,1
GIORNALIERA_FEBBRAIO_2025__898e.pdf,2025-02-11,1,VARIE,7.5,STRADA (passanti),Strada (passanti),2025-02,2025,1
GIORNALIERA_FEBBRAIO_2025__898e.pdf,2025-02-11,2,CARTOLINE,1.5,STRADA (passanti),Strada (passanti),2025-02,2025,1
GIORNALIERA_FEBBRAIO_2025__898e.pdf,2025-02-13,2,ESPERIENZA,30.0,STRADA (passanti),Strada (passanti),2025-02,2025,3
GIORNALIERA_FEBBRAIO_2025__898e.pdf,2025-02-14,2,CARTOLINE,1.0,STRADA (passanti),Strada (passanti),2025-02,2025,4
GIORNALIERA_FEBBRAIO_2025__898e.pdf,2025-02-14,2,CALAMITE,18.0,STRADA (passanti),Strada (passanti),2025-02,2025,4
GIORNALIERA_FEBBRAIO_2025__898e.pdf,2025-02-15,2,VARIE,18.0,STRADA (passanti),Strada (passanti),2025-02,2025,5
GIORNALIERA_FEBBRAIO_2025__898e.pdf,2025-02-15,1,CARTOLINE,5.0,STRADA (passanti),Strada (passanti),2025-02,2025,5
GIORNALIERA_FEBBRAIO_2025__898e.pdf,2025-02-15,2,ESPERIENZA,20.0,STRADA (passanti),Strada (passanti),2025-02,2025,5
GIORNALIERA_FEBBRAIO_2025__898e.pdf,2025-02-15,2,VARIE,9.0,STRADA (passanti),Strada (passanti),2025-02,2025,5
GIORNALIERA_FEBBRAIO_2025__898e.pdf,2025-02-15,2,ESPERIENZA,20.0,STRADA (passanti),Strada (passanti),2025-02,2025,5
GIORNALIERA_FEBBRAIO_2025__898e.pdf,2025-02-16,2,VARIE,46.0,STRADA (passanti),Strada (passanti),2025-02,2025,6
GIORNALIERA_FEBBRAIO_2025__898e.pdf,2025-02-16,2,ESPERIENZA,39.0,STRADA (passanti),Strada (passanti),2025-02,2025,6
GIORNALIERA_FEBBRAIO_2025__898e.pdf,2025-02-16,2,VARIE,78.5,STRADA (passanti),Strada (passanti),2025-02,2025,6
GIORNALIERA_FEBBRAIO_2025__898e.pdf,2025-02-16,2,ESPERIENZA,20.0,STRADA (passanti),Strada (passanti),2025-02,2025,6
GIORNALIERA_FEBBRAIO_2025__898e.pdf,2025-02-16,1,EDITORIA/LIBRI,5.0,STRADA (passanti),Strada (passanti),2025-02,2025,6
GIORNALIERA_FEBBRAIO_2025__898e.pdf,2025-02-16,1,ESPERIENZA,10.0,STRADA (passanti),Strada (passanti),2025-02,2025,6
GIORNALIERA_FEBBRAIO_2025__898e.pdf,2025-02-17,2,ESPERIENZA,20.0,STRADA (passanti),Strada (passanti),2025-02,2025,0
GIORNALIERA_FEBBRAIO_2025__898e.pdf,2025-02-17,5,CARTOLINE,9.5,STRADA (passanti),Strada (passanti),2025-02,2025,0
GIORNALIERA_FEBBRAIO_2025__898e.pdf,2025-02-17,3,CARTOLINE,3.0,STRADA (passanti),Strada (passanti),2025-02,2025,0
GIORNALIERA_FEBBRAIO_2025__898e.pdf,2025-02-17,2,CARTOLINE,5.0,STRADA (passanti),Strada (passanti),2025-02,2025,0
GIORNALIERA_FEBBRAIO_2025__898e.pdf,2025-02-18,3,VARIE,15.0,STRADA (passanti),Strada (passanti),2025-02,2025,1
GIORNALIERA_FEBBRAIO_2025__898e.pdf,2025-02-18,2,ESPERIENZA,18.0,STRADA (passanti),Strada (passanti),2025-02,2025,1
GIORNALIERA_FEBBRAIO_2025__898e.pdf,2025-02-20,2,CARTOLERIA,24.0,STRADA (passanti),Strada (passanti),2025-02,2025,3
GIORNALIERA_FEBBRAIO_2025__898e.pdf,2025-02-20,2,SEGNALIBRI,6.0,STRADA (passanti),Strada (passanti),2025-02,2025,3
GIORNALIERA_FEBBRAIO_2025__898e.pdf,2025-02-21,2,EDITORIA/LIBRI,5.0,STRADA (passanti),Strada (passanti),2025-02,2025,4
GIORNALIERA_FEBBRAIO_2025__898e.pdf,2025-02-21,1,ESPERIENZA,10.0,STRADA (passanti),Strada (passanti),2025-02,2025,4
GIORNALIERA_FEBBRAIO_2025__898e.pdf,2025-02-22,1,EDITORIA/LIBRI,20.0,STRADA (passanti),Strada (passanti),2025-02,2025,5
GIORNALIERA_FEBBRAIO_2025__898e.pdf,2025-02-22,2,VARIE,17.5,STRADA (passanti),Strada (passanti),2025-02,2025,5
GIORNALIERA_FEBBRAIO_2025__898e.pdf,2025-02-22,3,CARTOLINE,1.0,STRADA (passanti),Strada (passanti),2025-02,2025,5
GIORNALIERA_FEBBRAIO_2025__898e.pdf,2025-02-22,5,VARIE,16.0,STRADA (passanti),Strada (passanti),2025-02,2025,5
GIORNALIERA_FEBBRAIO_2025__898e.pdf,2025-02-23,0,SEGNALIBRI,6.0,STRADA (passanti),Strada (passanti),2025-02,2025,6
GIORNALIERA_FEBBRAIO_2025__898e.pdf,2025-02-24,2,ESPERIENZA,20.0,STRADA (passanti),Strada (passanti),2025-02,2025,0
GIORNALIERA_FEBBRAIO_2025__898e.pdf,2025-02-24,2,SEGNALIBRI,12.0,STRADA (passanti),Strada (passanti),2025-02,2025,0
GIORNALIERA_FEBBRAIO_2025__898e.pdf,2025-02-24,2,CARTOLINE,5.0,STRADA (passanti),Strada (passanti),2025-02,2025,0
GIORNALIERA_FEBBRAIO_2025__898e.pdf,2025-02-26,2,VARIE,16.0,STRADA (passanti),Strada (passanti),2025-02,2025,2
GIORNALIERA_FEBBRAIO_2025__898e.pdf,2025-02-28,1,CARTOLINE,3.0,STRADA (passanti),Strada (passanti),2025-02,2025,4
GIORNALIERA_FEBBRAIO_2026_0408.pdf,2026-02-01,1,CARTOLERIA,5.0,STRADA (passanti),Strada (passanti),2026-02,2026,6
GIORNALIERA_FEBBRAIO_2026_0408.pdf,2026-02-01,2,ESPERIENZA,20.0,STRADA (passanti),Strada (passanti),2026-02,2026,6
GIORNALIERA_FEBBRAIO_2026_0408.pdf,2026-02-01,1,CARTOLERIA,19.8,STRADA (passanti),Strada (passanti),2026-02,2026,6
GIORNALIERA_FEBBRAIO_2026_0408.pdf,2026-02-06,1,CARTOLINE,1.0,STRADA (passanti),Strada (passanti),2026-02,2026,4
GIORNALIERA_FEBBRAIO_2026_0408.pdf,2026-02-06,1,CARTOLINE,2.0,STRADA (passanti),Strada (passanti),2026-02,2026,4
GIORNALIERA_FEBBRAIO_2026_0408.pdf,2026-02-06,2,CARTOLINE,5.0,STRADA (passanti),Strada (passanti),2026-02,2026,4
GIORNALIERA_FEBBRAIO_2026_0408.pdf,2026-02-06,1,CARTOLINE,1.0,STRADA (passanti),Strada (passanti),2026-02,2026,4
GIORNALIERA_FEBBRAIO_2026_0408.pdf,2026-02-06,1,VARIE,4.9,STRADA (passanti),Strada (passanti),2026-02,2026,4
GIORNALIERA_FEBBRAIO_2026_0408.pdf,2026-02-06,1,CARTOLERIA,3.6,STRADA (passanti),Strada (passanti),2026-02,2026,4
GIORNALIERA_FEBBRAIO_2026_0408.pdf,2026-02-07,2,CARTOLINE,2.0,STRADA (passanti),Strada (passanti),2026-02,2026,5
GIORNALIERA_FEBBRAIO_2026_0408.pdf,2026-02-07,2,CARTOLINE,5.0,STRADA (passanti),Strada (passanti),2026-02,2026,5
GIORNALIERA_FEBBRAIO_2026_0408.pdf,2026-02-07,2,SEGNALIBRI,6.0,STRADA (passanti),Strada (passanti),2026-02,2026,5
GIORNALIERA_FEBBRAIO_2026_0408.pdf,2026-02-07,2,EDITORIA/LIBRI,10.0,STRADA (passanti),Strada (passanti),2026-02,2026,5
GIORNALIERA_FEBBRAIO_2026_0408.pdf,2026-02-07,1,SEGNALIBRI,2.0,STRADA (passanti),Strada (passanti),2026-02,2026,5
GIORNALIERA_FEBBRAIO_2026_0408.pdf,2026-02-07,2,EDITORIA/LIBRI,12.0,STRADA (passanti),Strada (passanti),2026-02,2026,5
GIORNALIERA_FEBBRAIO_2026_0408.pdf,2026-02-07,2,CARTOLINE,1.0,STRADA (passanti),Strada (passanti),2026-02,2026,5
GIORNALIERA_FEBBRAIO_2026_0408.pdf,2026-02-07,1,EDITORIA/LIBRI,9.0,STRADA (passanti),Strada (passanti),2026-02,2026,5
GIORNALIERA_FEBBRAIO_2026_0408.pdf,2026-02-07,2,ESPERIENZA,20.0,STRADA (passanti),Strada (passanti),2026-02,2026,5
GIORNALIERA_FEBBRAIO_2026_0408.pdf,2026-02-07,0,VARIE,16.2,STRADA (passanti),Strada (passanti),2026-02,2026,5
GIORNALIERA_FEBBRAIO_2026_0408.pdf,2026-02-08,2,CARTOLINE,3.0,STRADA (passanti),Strada (passanti),2026-02,2026,6
GIORNALIERA_FEBBRAIO_2026_0408.pdf,2026-02-08,1,VARIE,12.0,STRADA (passanti),Strada (passanti),2026-02,2026,6
GIORNALIERA_FEBBRAIO_2026_0408.pdf,2026-02-08,1,CARTOLINE,3.0,STRADA (passanti),Strada (passanti),2026-02,2026,6
GIORNALIERA_FEBBRAIO_2026_0408.pdf,2026-02-08,1,CARTOLERIA,2.0,STRADA (passanti),Strada (passanti),2026-02,2026,6
GIORNALIERA_FEBBRAIO_2026_0408.pdf,2026-02-08,2,VARIE,13.0,STRADA (passanti),Strada (passanti),2026-02,2026,6
GIORNALIERA_FEBBRAIO_2026_0408.pdf,2026-02-08,1,CARTOLINE,5.0,STRADA (passanti),Strada (passanti),2026-02,2026,6
GIORNALIERA_FEBBRAIO_2026_0408.pdf,2026-02-09,2,CARTOLINE,4.0,STRADA (passanti),Strada (passanti),2026-02,2026,0
GIORNALIERA_FEBBRAIO_2026_0408.pdf,2026-02-09,1,CARTOLINE,4.0,STRADA (passanti),Strada (passanti),2026-02,2026,0
GIORNALIERA_FEBBRAIO_2026_0408.pdf,2026-02-12,2,VARIE,71.85,STRADA (passanti),Strada (passanti),2026-02,2026,3
GIORNALIERA_FEBBRAIO_2026_0408.pdf,2026-02-12,1,EDITORIA/LIBRI,27.0,STRADA (passanti),Strada (passanti),2026-02,2026,3
GIORNALIERA_FEBBRAIO_2026_0408.pdf,2026-02-12,2,SEGNALIBRI,6.0,STRADA (passanti),Strada (passanti),2026-02,2026,3
GIORNALIERA_FEBBRAIO_2026_0408.pdf,2026-02-13,2,VARIE,28.36,STRADA (passanti),Strada (passanti),2026-02,2026,4
GIORNALIERA_FEBBRAIO_2026_0408.pdf,2026-02-13,1,SEGNALIBRI,12.0,STRADA (passanti),Strada (passanti),2026-02,2026,4
GIORNALIERA_FEBBRAIO_2026_0408.pdf,2026-02-13,1,SEGNALIBRI,2.0,STRADA (passanti),Strada (passanti),2026-02,2026,4
GIORNALIERA_FEBBRAIO_2026_0408.pdf,2026-02-13,1,CARTOLINE,1.0,STRADA (passanti),Strada (passanti),2026-02,2026,4
GIORNALIERA_FEBBRAIO_2026_0408.pdf,2026-02-13,2,CARTOLINE,5.0,STRADA (passanti),Strada (passanti),2026-02,2026,4
GIORNALIERA_FEBBRAIO_2026_0408.pdf,2026-02-13,1,CARTOLERIA,7.0,STRADA (passanti),Strada (passanti),2026-02,2026,4
GIORNALIERA_FEBBRAIO_2026_0408.pdf,2026-02-14,4,ESPERIENZA,34.0,STRADA (passanti),Strada (passanti),2026-02,2026,5
GIORNALIERA_FEBBRAIO_2026_0408.pdf,2026-02-15,2,CARTOLINE,5.0,STRADA (passanti),Strada (passanti),2026-02,2026,6
GIORNALIERA_FEBBRAIO_2026_0408.pdf,2026-02-15,1,EDITORIA/LIBRI,5.0,STRADA (passanti),Strada (passanti),2026-02,2026,6
GIORNALIERA_FEBBRAIO_2026_0408.pdf,2026-02-15,1,GADGET,8.0,STRADA (passanti),Strada (passanti),2026-02,2026,6
GIORNALIERA_FEBBRAIO_2026_0408.pdf,2026-02-15,1,CARTOLINE,1.0,STRADA (passanti),Strada (passanti),2026-02,2026,6
GIORNALIERA_FEBBRAIO_2026_0408.pdf,2026-02-15,1,VARIE,11.6,STRADA (passanti),Strada (passanti),2026-02,2026,6
GIORNALIERA_FEBBRAIO_2026_0408.pdf,2026-02-15,1,VARIE,4.5,STRADA (passanti),Strada (passanti),2026-02,2026,6
GIORNALIERA_FEBBRAIO_2026_0408.pdf,2026-02-16,3,ESPERIENZA,27.0,STRADA (passanti),Strada (passanti),2026-02,2026,0
GIORNALIERA_FEBBRAIO_2026_0408.pdf,2026-02-16,1,VARIE,6.0,STRADA (passanti),Strada (passanti),2026-02,2026,0
GIORNALIERA_FEBBRAIO_2026_0408.pdf,2026-02-16,1,CARTOLINE,1.0,STRADA (passanti),Strada (passanti),2026-02,2026,0
GIORNALIERA_FEBBRAIO_2026_0408.pdf,2026-02-16,1,CARTOLERIA,6.0,STRADA (passanti),Strada (passanti),2026-02,2026,0
GIORNALIERA_FEBBRAIO_2026_0408.pdf,2026-02-16,1,VARIE,13.0,STRADA (passanti),Strada (passanti),2026-02,2026,0
GIORNALIERA_FEBBRAIO_2026_0408.pdf,2026-02-16,2,ESPERIENZA,14.0,STRADA (passanti),Strada (passanti),2026-02,2026,0
GIORNALIERA_FEBBRAIO_2026_0408.pdf,2026-02-16,1,CARTOLINE,1.0,STRADA (passanti),Strada (passanti),2026-02,2026,0
GIORNALIERA_FEBBRAIO_2026_0408.pdf,2026-02-17,2,GADGET,17.0,STRADA (passanti),Strada (passanti),2026-02,2026,1
GIORNALIERA_FEBBRAIO_2026_0408.pdf,2026-02-17,1,CARTOLINE,1.0,STRADA (passanti),Strada (passanti),2026-02,2026,1
GIORNALIERA_FEBBRAIO_2026_0408.pdf,2026-02-17,2,CARTOLINE,3.0,STRADA (passanti),Strada (passanti),2026-02,2026,1
GIORNALIERA_FEBBRAIO_2026_0408.pdf,2026-02-17,3,ESPERIENZA,30.0,STRADA (passanti),Strada (passanti),2026-02,2026,1
GIORNALIERA_FEBBRAIO_2026_0408.pdf,2026-02-17,1,EDITORIA/LIBRI,5.0,STRADA (passanti),Strada (passanti),2026-02,2026,1
GIORNALIERA_FEBBRAIO_2026_0408.pdf,2026-02-17,2,SEGNALIBRI,30.0,STRADA (passanti),Strada (passanti),2026-02,2026,1
GIORNALIERA_FEBBRAIO_2026_0408.pdf,2026-02-18,1,VARIE,6.5,STRADA (passanti),Strada (passanti),2026-02,2026,2
GIORNALIERA_FEBBRAIO_2026_0408.pdf,2026-02-18,1,VARIE,19.0,STRADA (passanti),Strada (passanti),2026-02,2026,2
GIORNALIERA_FEBBRAIO_2026_0408.pdf,2026-02-18,1,SEGNALIBRI,5.4,STRADA (passanti),Strada (passanti),2026-02,2026,2
GIORNALIERA_FEBBRAIO_2026_0408.pdf,2026-02-19,2,VARIE,4.0,STRADA (passanti),Strada (passanti),2026-02,2026,3
GIORNALIERA_FEBBRAIO_2026_0408.pdf,2026-02-19,1,VARIE,8.0,STRADA (passanti),Strada (passanti),2026-02,2026,3
GIORNALIERA_FEBBRAIO_2026_0408.pdf,2026-02-22,2,GADGET,19.8,STRADA (passanti),Strada (passanti),2026-02,2026,6
GIORNALIERA_FEBBRAIO_2026_0408.pdf,2026-02-22,1,CARTOLERIA,5.0,STRADA (passanti),Strada (passanti),2026-02,2026,6
GIORNALIERA_FEBBRAIO_2026_0408.pdf,2026-02-22,2,CARTOLINE,2.0,STRADA (passanti),Strada (passanti),2026-02,2026,6
GIORNALIERA_FEBBRAIO_2026_0408.pdf,2026-02-22,2,VARIE,12.3,STRADA (passanti),Strada (passanti),2026-02,2026,6
GIORNALIERA_FEBBRAIO_2026_0408.pdf,2026-02-22,1,GADGET,5.0,STRADA (passanti),Strada (passanti),2026-02,2026,6
GIORNALIERA_FEBBRAIO_2026_0408.pdf,2026-02-23,2,CARTOLINE,7.5,STRADA (passanti),Strada (passanti),2026-02,2026,0
GIORNALIERA_FEBBRAIO_2026_0408.pdf,2026-02-23,2,VARIE,15.0,STRADA (passanti),Strada (passanti),2026-02,2026,0
GIORNALIERA_FEBBRAIO_2026_0408.pdf,2026-02-25,2,ESPERIENZA,20.0,STRADA (passanti),Strada (passanti),2026-02,2026,2
GIORNALIERA_FEBBRAIO_2026_0408.pdf,2026-02-26,2,VARIE,13.0,STRADA (passanti),Strada (passanti),2026-02,2026,3
GIORNALIERA_FEBBRAIO_2026_0408.pdf,2026-02-27,2,GADGET,4.0,STRADA (passanti),Strada (passanti),2026-02,2026,4
GIORNALIERA_FEBBRAIO_2026_0408.pdf,2026-02-27,1,SEGNALIBRI,6.0,STRADA (passanti),Strada (passanti),2026-02,2026,4
GIORNALIERA_FEBBRAIO_2026_0408.pdf,2026-02-27,1,VARIE,4.0,STRADA (passanti),Strada (passanti),2026-02,2026,4
GIORNALIERA_FEBBRAIO_2026_0408.pdf,2026-02-27,3,CARTOLINE,9.0,STRADA (passanti),Strada (passanti),2026-02,2026,4
GIORNALIERA_FEBBRAIO_2026_0408.pdf,2026-02-27,1,CARTOLINE,5.0,STRADA (passanti),Strada (passanti),2026-02,2026,4
GIORNALIERA_GENNAIO_2026___ca3b.pdf,2026-01-01,2,ESPERIENZA,20.0,STRADA (passanti),Strada (passanti),2026-01,2026,3
GIORNALIERA_GENNAIO_2026___ca3b.pdf,2026-01-02,4,ESPERIENZA,40.0,STRADA (passanti),Strada (passanti),2026-01,2026,4
GIORNALIERA_GENNAIO_2026___ca3b.pdf,2026-01-02,2,ESPERIENZA,20.0,STRADA (passanti),Strada (passanti),2026-01,2026,4
GIORNALIERA_GENNAIO_2026___ca3b.pdf,2026-01-02,2,CARTOLINE,3.0,STRADA (passanti),Strada (passanti),2026-01,2026,4
GIORNALIERA_GENNAIO_2026___ca3b.pdf,2026-01-02,1,CARTOLERIA,22.0,STRADA (passanti),Strada (passanti),2026-01,2026,4
GIORNALIERA_GENNAIO_2026___ca3b.pdf,2026-01-03,4,ESPERIENZA,34.0,STRADA (passanti),Strada (passanti),2026-01,2026,5
GIORNALIERA_GENNAIO_2026___ca3b.pdf,2026-01-03,2,CARTOLERIA,11.0,STRADA (passanti),Strada (passanti),2026-01,2026,5
GIORNALIERA_GENNAIO_2026___ca3b.pdf,2026-01-03,2,POSTER,3.0,STRADA (passanti),Strada (passanti),2026-01,2026,5
GIORNALIERA_GENNAIO_2026___ca3b.pdf,2026-01-04,2,VARIE,35.9,STRADA (passanti),Strada (passanti),2026-01,2026,6
GIORNALIERA_GENNAIO_2026___ca3b.pdf,2026-01-06,1,ESPERIENZA,16.0,STRADA (passanti),Strada (passanti),2026-01,2026,1
GIORNALIERA_GENNAIO_2026___ca3b.pdf,2026-01-07,1,CARTOLINE,2.0,STRADA (passanti),Strada (passanti),2026-01,2026,2
GIORNALIERA_GENNAIO_2026___ca3b.pdf,2026-01-10,1,CARTOLINE,1.0,STRADA (passanti),Strada (passanti),2026-01,2026,5
GIORNALIERA_GENNAIO_2026___ca3b.pdf,2026-01-14,1,VARIE,81.5,STRADA (passanti),Strada (passanti),2026-01,2026,2
GIORNALIERA_GENNAIO_2026___ca3b.pdf,2026-01-15,2,CARTOLINE,3.0,STRADA (passanti),Strada (passanti),2026-01,2026,3
GIORNALIERA_GENNAIO_2026___ca3b.pdf,2026-01-15,2,CARTOLINE,5.0,STRADA (passanti),Strada (passanti),2026-01,2026,3
GIORNALIERA_GENNAIO_2026___ca3b.pdf,2026-01-16,2,SEGNALIBRI,18.0,STRADA (passanti),Strada (passanti),2026-01,2026,4
GIORNALIERA_GENNAIO_2026___ca3b.pdf,2026-01-17,2,CARTOLINE,4.0,STRADA (passanti),Strada (passanti),2026-01,2026,5
GIORNALIERA_GENNAIO_2026___ca3b.pdf,2026-01-21,2,GONDOLE,21.6,STRADA (passanti),Strada (passanti),2026-01,2026,2
GIORNALIERA_GENNAIO_2026___ca3b.pdf,2026-01-22,1,CARTOLERIA,4.0,STRADA (passanti),Strada (passanti),2026-01,2026,3
GIORNALIERA_GENNAIO_2026___ca3b.pdf,2026-01-23,2,SEGNALIBRI,6.0,STRADA (passanti),Strada (passanti),2026-01,2026,4
GIORNALIERA_GENNAIO_2026___ca3b.pdf,2026-01-24,2,CARTOLINE,1.0,STRADA (passanti),Strada (passanti),2026-01,2026,5
GIORNALIERA_GENNAIO_2026___ca3b.pdf,2026-01-25,1,VARIE,8.2,STRADA (passanti),Strada (passanti),2026-01,2026,6
GIORNALIERA_GENNAIO_2026___ca3b.pdf,2026-01-25,2,CARTOLINE,1.5,STRADA (passanti),Strada (passanti),2026-01,2026,6
GIORNALIERA_GENNAIO_2026___ca3b.pdf,2026-01-26,2,CARTOLINE,5.0,STRADA (passanti),Strada (passanti),2026-01,2026,0
GIORNALIERA_GENNAIO_2026___ca3b.pdf,2026-01-27,3,CARTOLINE,1.5,STRADA (passanti),Strada (passanti),2026-01,2026,1
GIORNALIERA_GENNAIO_2026___ca3b.pdf,2026-01-28,0,CARTOLINE,10.0,STRADA (passanti),Strada (passanti),2026-01,2026,2
GIORNALIERA_GENNAIO_2026___ca3b.pdf,2026-01-31,2,VARIE,5.0,STRADA (passanti),Strada (passanti),2026-01,2026,5
GIORNALIERA_GENNAIO_2026___ca3b.pdf,2026-01-31,2,CARTOLINE,3.0,STRADA (passanti),Strada (passanti),2026-01,2026,5
GIORNALIERA_GIUGNO_2025_e3c6.pdf,2025-06-01,2,ESPERIENZA,20.0,STRADA (passanti),Strada (passanti),2025-06,2025,6
GIORNALIERA_GIUGNO_2025_e3c6.pdf,2025-06-02,2,SEGNALIBRI,6.0,STRADA (passanti),Strada (passanti),2025-06,2025,0
GIORNALIERA_GIUGNO_2025_e3c6.pdf,2025-06-03,1,SEGNALIBRI,3.5,STRADA (passanti),Strada (passanti),2025-06,2025,1
GIORNALIERA_GIUGNO_2025_e3c6.pdf,2025-06-03,2,VARIE,17.0,STRADA (passanti),Strada (passanti),2025-06,2025,1
GIORNALIERA_GIUGNO_2025_e3c6.pdf,2025-06-04,2,SEGNALIBRI,8.0,STRADA (passanti),Strada (passanti),2025-06,2025,2
GIORNALIERA_GIUGNO_2025_e3c6.pdf,2025-06-04,1,CARTOLINE,8.0,STRADA (passanti),Strada (passanti),2025-06,2025,2
GIORNALIERA_GIUGNO_2025_e3c6.pdf,2025-06-04,2,VARIE,6.0,STRADA (passanti),Strada (passanti),2025-06,2025,2
GIORNALIERA_GIUGNO_2025_e3c6.pdf,2025-06-04,1,VARIE,19.0,STRADA (passanti),Strada (passanti),2025-06,2025,2
GIORNALIERA_GIUGNO_2025_e3c6.pdf,2025-06-04,1,EDITORIA/LIBRI,15.0,STRADA (passanti),Strada (passanti),2025-06,2025,2
GIORNALIERA_GIUGNO_2025_e3c6.pdf,2025-06-05,2,VARIE,8.0,STRADA (passanti),Strada (passanti),2025-06,2025,3
GIORNALIERA_GIUGNO_2025_e3c6.pdf,2025-06-05,5,VARIE,33.0,STRADA (passanti),Strada (passanti),2025-06,2025,3
GIORNALIERA_GIUGNO_2025_e3c6.pdf,2025-06-05,2,CARTOLINE,1.0,STRADA (passanti),Strada (passanti),2025-06,2025,3
GIORNALIERA_GIUGNO_2025_e3c6.pdf,2025-06-05,2,SEGNALIBRI,2.0,STRADA (passanti),Strada (passanti),2025-06,2025,3
GIORNALIERA_GIUGNO_2025_e3c6.pdf,2025-06-06,1,POSTER,4.5,STRADA (passanti),Strada (passanti),2025-06,2025,4
GIORNALIERA_GIUGNO_2025_e3c6.pdf,2025-06-06,2,CARTOLERIA,3.0,STRADA (passanti),Strada (passanti),2025-06,2025,4
GIORNALIERA_GIUGNO_2025_e3c6.pdf,2025-06-06,1,SEGNALIBRI,6.0,STRADA (passanti),Strada (passanti),2025-06,2025,4
GIORNALIERA_GIUGNO_2025_e3c6.pdf,2025-06-07,1,SEGNALIBRI,6.0,STRADA (passanti),Strada (passanti),2025-06,2025,5
GIORNALIERA_GIUGNO_2025_e3c6.pdf,2025-06-07,2,POSTER,0.0,STRADA (passanti),Strada (passanti),2025-06,2025,5
GIORNALIERA_GIUGNO_2025_e3c6.pdf,2025-06-08,2,VARIE,6.0,STRADA (passanti),Strada (passanti),2025-06,2025,6
GIORNALIERA_GIUGNO_2025_e3c6.pdf,2025-06-08,1,CARTOLERIA,6.0,STRADA (passanti),Strada (passanti),2025-06,2025,6
GIORNALIERA_GIUGNO_2025_e3c6.pdf,2025-06-09,2,SEGNALIBRI,5.0,STRADA (passanti),Strada (passanti),2025-06,2025,0
GIORNALIERA_GIUGNO_2025_e3c6.pdf,2025-06-09,2,CALAMITE,5.0,STRADA (passanti),Strada (passanti),2025-06,2025,0
GIORNALIERA_GIUGNO_2025_e3c6.pdf,2025-06-09,2,SEGNALIBRI,6.0,STRADA (passanti),Strada (passanti),2025-06,2025,0
GIORNALIERA_GIUGNO_2025_e3c6.pdf,2025-06-09,1,GADGET,9.0,STRADA (passanti),Strada (passanti),2025-06,2025,0
GIORNALIERA_GIUGNO_2025_e3c6.pdf,2025-06-09,1,VARIE,5.0,STRADA (passanti),Strada (passanti),2025-06,2025,0
GIORNALIERA_GIUGNO_2025_e3c6.pdf,2025-06-10,4,VARIE,27.0,STRADA (passanti),Strada (passanti),2025-06,2025,1
GIORNALIERA_GIUGNO_2025_e3c6.pdf,2025-06-11,2,CARTOLINE,1.0,STRADA (passanti),Strada (passanti),2025-06,2025,2
GIORNALIERA_GIUGNO_2025_e3c6.pdf,2025-06-11,4,GADGET,19.9,STRADA (passanti),Strada (passanti),2025-06,2025,2
GIORNALIERA_GIUGNO_2025_e3c6.pdf,2025-06-12,2,VARIE,7.0,STRADA (passanti),Strada (passanti),2025-06,2025,3
GIORNALIERA_GIUGNO_2025_e3c6.pdf,2025-06-12,1,ESPERIENZA,32.0,STRADA (passanti),Strada (passanti),2025-06,2025,3
GIORNALIERA_GIUGNO_2025_e3c6.pdf,2025-06-13,2,SEGNALIBRI,42.0,STRADA (passanti),Strada (passanti),2025-06,2025,4
GIORNALIERA_GIUGNO_2025_e3c6.pdf,2025-06-15,2,SEGNALIBRI,6.0,STRADA (passanti),Strada (passanti),2025-06,2025,6
GIORNALIERA_GIUGNO_2025_e3c6.pdf,2025-06-15,2,POSTER,90.0,STRADA (passanti),Strada (passanti),2025-06,2025,6
GIORNALIERA_GIUGNO_2025_e3c6.pdf,2025-06-15,2,VARIE,9.5,STRADA (passanti),Strada (passanti),2025-06,2025,6
GIORNALIERA_GIUGNO_2025_e3c6.pdf,2025-06-16,2,POSTER,3.0,STRADA (passanti),Strada (passanti),2025-06,2025,0
GIORNALIERA_GIUGNO_2025_e3c6.pdf,2025-06-17,2,CARTOLINE,14.0,STRADA (passanti),Strada (passanti),2025-06,2025,1
GIORNALIERA_GIUGNO_2025_e3c6.pdf,2025-06-18,3,SEGNALIBRI,6.0,STRADA (passanti),Strada (passanti),2025-06,2025,2
GIORNALIERA_GIUGNO_2025_e3c6.pdf,2025-06-18,4,CARTOLINE,3.0,STRADA (passanti),Strada (passanti),2025-06,2025,2
GIORNALIERA_GIUGNO_2025_e3c6.pdf,2025-06-20,2,CARTOLINE,2.0,STRADA (passanti),Strada (passanti),2025-06,2025,4
GIORNALIERA_GIUGNO_2025_e3c6.pdf,2025-06-20,4,CARTOLINE,6.0,STRADA (passanti),Strada (passanti),2025-06,2025,4
GIORNALIERA_GIUGNO_2025_e3c6.pdf,2025-06-20,2,VARIE,13.5,STRADA (passanti),Strada (passanti),2025-06,2025,4
GIORNALIERA_GIUGNO_2025_e3c6.pdf,2025-06-20,1,CARTOLERIA,4.0,STRADA (passanti),Strada (passanti),2025-06,2025,4
GIORNALIERA_GIUGNO_2025_e3c6.pdf,2025-06-20,2,ESPERIENZA,20.0,STRADA (passanti),Strada (passanti),2025-06,2025,4
GIORNALIERA_GIUGNO_2025_e3c6.pdf,2025-06-20,2,CARTOLERIA,22.0,STRADA (passanti),Strada (passanti),2025-06,2025,4
GIORNALIERA_GIUGNO_2025_e3c6.pdf,2025-06-20,1,CARTOLINE,2.0,STRADA (passanti),Strada (passanti),2025-06,2025,4
GIORNALIERA_GIUGNO_2025_e3c6.pdf,2025-06-20,2,VARIE,4.0,STRADA (passanti),Strada (passanti),2025-06,2025,4
GIORNALIERA_GIUGNO_2025_e3c6.pdf,2025-06-21,2,ALTRO,25.0,STRADA (passanti),Strada (passanti),2025-06,2025,5
GIORNALIERA_GIUGNO_2025_e3c6.pdf,2025-06-21,4,VARIE,34.4,STRADA (passanti),Strada (passanti),2025-06,2025,5
GIORNALIERA_GIUGNO_2025_e3c6.pdf,2025-06-21,2,VARIE,9.0,STRADA (passanti),Strada (passanti),2025-06,2025,5
GIORNALIERA_GIUGNO_2025_e3c6.pdf,2025-06-21,1,CARTOLINE,5.0,STRADA (passanti),Strada (passanti),2025-06,2025,5
GIORNALIERA_GIUGNO_2025_e3c6.pdf,2025-06-21,1,VARIE,14.0,STRADA (passanti),Strada (passanti),2025-06,2025,5
GIORNALIERA_GIUGNO_2025_e3c6.pdf,2025-06-21,1,CARTOLERIA,3.5,STRADA (passanti),Strada (passanti),2025-06,2025,5
GIORNALIERA_GIUGNO_2025_e3c6.pdf,2025-06-21,1,SEGNALIBRI,12.0,STRADA (passanti),Strada (passanti),2025-06,2025,5
GIORNALIERA_GIUGNO_2025_e3c6.pdf,2025-06-22,1,CALAMITE,5.0,STRADA (passanti),Strada (passanti),2025-06,2025,6
GIORNALIERA_GIUGNO_2025_e3c6.pdf,2025-06-22,2,SEGNALIBRI,6.0,STRADA (passanti),Strada (passanti),2025-06,2025,6
GIORNALIERA_GIUGNO_2025_e3c6.pdf,2025-06-22,2,ALTRO,17.0,STRADA (passanti),Strada (passanti),2025-06,2025,6
GIORNALIERA_GIUGNO_2025_e3c6.pdf,2025-06-22,2,CARTOLINE,5.0,STRADA (passanti),Strada (passanti),2025-06,2025,6
GIORNALIERA_GIUGNO_2025_e3c6.pdf,2025-06-23,2,VARIE,11.0,STRADA (passanti),Strada (passanti),2025-06,2025,0
GIORNALIERA_GIUGNO_2025_e3c6.pdf,2025-06-23,2,CARTOLERIA,4.0,STRADA (passanti),Strada (passanti),2025-06,2025,0
GIORNALIERA_GIUGNO_2025_e3c6.pdf,2025-06-23,2,CARTOLINE,2.0,STRADA (passanti),Strada (passanti),2025-06,2025,0
GIORNALIERA_GIUGNO_2025_e3c6.pdf,2025-06-23,1,VARIE,10.0,STRADA (passanti),Strada (passanti),2025-06,2025,0
GIORNALIERA_GIUGNO_2025_e3c6.pdf,2025-06-23,3,VARIE,18.0,STRADA (passanti),Strada (passanti),2025-06,2025,0
GIORNALIERA_GIUGNO_2025_e3c6.pdf,2025-06-24,2,EDITORIA/LIBRI,10.0,STRADA (passanti),Strada (passanti),2025-06,2025,1
GIORNALIERA_GIUGNO_2025_e3c6.pdf,2025-06-24,1,VARIE,10.0,STRADA (passanti),Strada (passanti),2025-06,2025,1
GIORNALIERA_GIUGNO_2025_e3c6.pdf,2025-06-24,1,ALTRO,14.0,STRADA (passanti),Strada (passanti),2025-06,2025,1
GIORNALIERA_GIUGNO_2025_e3c6.pdf,2025-06-24,1,GADGET,10.0,STRADA (passanti),Strada (passanti),2025-06,2025,1
GIORNALIERA_GIUGNO_2025_e3c6.pdf,2025-06-25,2,ESPERIENZA,20.0,STRADA (passanti),Strada (passanti),2025-06,2025,2
GIORNALIERA_GIUGNO_2025_e3c6.pdf,2025-06-25,5,VARIE,19.0,STRADA (passanti),Strada (passanti),2025-06,2025,2
GIORNALIERA_GIUGNO_2025_e3c6.pdf,2025-06-25,1,VARIE,17.0,STRADA (passanti),Strada (passanti),2025-06,2025,2
GIORNALIERA_GIUGNO_2025_e3c6.pdf,2025-06-26,4,ESPERIENZA,32.0,STRADA (passanti),Strada (passanti),2025-06,2025,3
GIORNALIERA_GIUGNO_2025_e3c6.pdf,2025-06-26,4,CARTOLINE,2.0,STRADA (passanti),Strada (passanti),2025-06,2025,3
GIORNALIERA_GIUGNO_2025_e3c6.pdf,2025-06-26,3,CALAMITE,8.0,STRADA (passanti),Strada (passanti),2025-06,2025,3
GIORNALIERA_GIUGNO_2025_e3c6.pdf,2025-06-26,1,CARTOLINE,1.0,STRADA (passanti),Strada (passanti),2025-06,2025,3
GIORNALIERA_GIUGNO_2025_e3c6.pdf,2025-06-27,1,CARTOLINE,1.0,STRADA (passanti),Strada (passanti),2025-06,2025,4
GIORNALIERA_GIUGNO_2025_e3c6.pdf,2025-06-27,1,SEGNALIBRI,6.0,STRADA (passanti),Strada (passanti),2025-06,2025,4
GIORNALIERA_GIUGNO_2025_e3c6.pdf,2025-06-27,2,CARTOLINE,2.0,STRADA (passanti),Strada (passanti),2025-06,2025,4
GIORNALIERA_GIUGNO_2025_e3c6.pdf,2025-06-27,2,ESPERIENZA,20.0,STRADA (passanti),Strada (passanti),2025-06,2025,4
GIORNALIERA_GIUGNO_2025_e3c6.pdf,2025-06-28,2,CARTOLINE,2.0,STRADA (passanti),Strada (passanti),2025-06,2025,5
GIORNALIERA_GIUGNO_2025_e3c6.pdf,2025-06-28,2,ESPERIENZA,20.0,STRADA (passanti),Strada (passanti),2025-06,2025,5
GIORNALIERA_GIUGNO_2025_e3c6.pdf,2025-06-28,2,SEGNALIBRI,2.0,STRADA (passanti),Strada (passanti),2025-06,2025,5
GIORNALIERA_GIUGNO_2025_e3c6.pdf,2025-06-29,1,CARTOLINE,1.0,STRADA (passanti),Strada (passanti),2025-06,2025,6
GIORNALIERA_GIUGNO_2025_e3c6.pdf,2025-06-30,2,ESPERIENZA,20.0,STRADA (passanti),Strada (passanti),2025-06,2025,0
GIORNALIERA_GIUGNO_2025_e3c6.pdf,2025-06-30,1,CARTOLINE,1.0,STRADA (passanti),Strada (passanti),2025-06,2025,0
GIORNALIERA_GIUGNO_2025_e3c6.pdf,2025-06-30,2,VARIE,16.0,STRADA (passanti),Strada (passanti),2025-06,2025,0
GIORNALIERA_GIUGNO_2025_e3c6.pdf,2025-06-30,2,VARIE,18.0,STRADA (passanti),Strada (passanti),2025-06,2025,0
GIORNALIERA_GIUGNO_2025_e3c6.pdf,2025-06-30,5,CARTOLINE,6.0,STRADA (passanti),Strada (passanti),2025-06,2025,0
GIORNALIERA_GIUGNO_2026_475a.pdf,2026-06-01,1,VARIE,11.7,STRADA (passanti),Strada (passanti),2026-06,2026,0
GIORNALIERA_GIUGNO_2026_475a.pdf,2026-06-01,1,VARIE,31.5,STRADA (passanti),Strada (passanti),2026-06,2026,0
GIORNALIERA_GIUGNO_2026_475a.pdf,2026-06-01,1,VARIE,14.0,STRADA (passanti),Strada (passanti),2026-06,2026,0
GIORNALIERA_GIUGNO_2026_475a.pdf,2026-06-01,1,VARIE,9.0,STRADA (passanti),Strada (passanti),2026-06,2026,0
GIORNALIERA_GIUGNO_2026_475a.pdf,2026-06-02,1,EDITORIA/LIBRI,14.9,STRADA (passanti),Strada (passanti),2026-06,2026,1
GIORNALIERA_GIUGNO_2026_475a.pdf,2026-06-03,1,GONDOLE,12.0,STRADA (passanti),Strada (passanti),2026-06,2026,2
GIORNALIERA_GIUGNO_2026_475a.pdf,2026-06-05,2,CARTOLINE,36.0,STRADA (passanti),Strada (passanti),2026-06,2026,4
GIORNALIERA_GIUGNO_2026_475a.pdf,2026-06-05,1,VARIE,9.0,STRADA (passanti),Strada (passanti),2026-06,2026,4
GIORNALIERA_GIUGNO_2026_475a.pdf,2026-06-05,1,VARIE,6.0,STRADA (passanti),Strada (passanti),2026-06,2026,4
GIORNALIERA_GIUGNO_2026_475a.pdf,2026-06-05,1,CARTOLINE,2.0,STRADA (passanti),Strada (passanti),2026-06,2026,4
GIORNALIERA_GIUGNO_2026_475a.pdf,2026-06-06,2,GADGET,3.6,STRADA (passanti),Strada (passanti),2026-06,2026,5
GIORNALIERA_GIUGNO_2026_475a.pdf,2026-06-08,1,GONDOLE,7.2,STRADA (passanti),Strada (passanti),2026-06,2026,0
GIORNALIERA_GIUGNO_2026_475a.pdf,2026-06-08,1,VARIE,5.0,STRADA (passanti),Strada (passanti),2026-06,2026,0
GIORNALIERA_GIUGNO_2026_475a.pdf,2026-06-08,1,EDITORIA/LIBRI,10.0,STRADA (passanti),Strada (passanti),2026-06,2026,0
GIORNALIERA_GIUGNO_2026_475a.pdf,2026-06-08,1,VARIE,19.5,STRADA (passanti),Strada (passanti),2026-06,2026,0
GIORNALIERA_GIUGNO_2026_475a.pdf,2026-06-09,1,VARIE,17.91,STRADA (passanti),Strada (passanti),2026-06,2026,1
GIORNALIERA_GIUGNO_2026_475a.pdf,2026-06-09,1,CARTOLINE,5.0,STRADA (passanti),Strada (passanti),2026-06,2026,1
GIORNALIERA_GIUGNO_2026_475a.pdf,2026-06-09,2,VARIE,20.0,STRADA (passanti),Strada (passanti),2026-06,2026,1
GIORNALIERA_GIUGNO_2026_475a.pdf,2026-06-09,1,VARIE,12.0,STRADA (passanti),Strada (passanti),2026-06,2026,1
GIORNALIERA_GIUGNO_2026_475a.pdf,2026-06-09,1,CARTOLINE,4.0,STRADA (passanti),Strada (passanti),2026-06,2026,1
GIORNALIERA_GIUGNO_2026_475a.pdf,2026-06-09,1,CARTOLINE,3.0,STRADA (passanti),Strada (passanti),2026-06,2026,1
GIORNALIERA_GIUGNO_2026_475a.pdf,2026-06-10,1,VARIE,9.0,STRADA (passanti),Strada (passanti),2026-06,2026,2
GIORNALIERA_GIUGNO_2026_475a.pdf,2026-06-10,2,VARIE,30.0,STRADA (passanti),Strada (passanti),2026-06,2026,2
GIORNALIERA_GIUGNO_2026_475a.pdf,2026-06-10,1,EDITORIA/LIBRI,15.0,STRADA (passanti),Strada (passanti),2026-06,2026,2
GIORNALIERA_GIUGNO_2026_475a.pdf,2026-06-10,1,VARIE,2.0,STRADA (passanti),Strada (passanti),2026-06,2026,2
GIORNALIERA_GIUGNO_2026_475a.pdf,2026-06-10,1,EDITORIA/LIBRI,10.0,STRADA (passanti),Strada (passanti),2026-06,2026,2
GIORNALIERA_GIUGNO_2026_475a.pdf,2026-06-11,1,CARTOLINE,4.5,STRADA (passanti),Strada (passanti),2026-06,2026,3
GIORNALIERA_GIUGNO_2026_475a.pdf,2026-06-11,1,VARIE,53.9,STRADA (passanti),Strada (passanti),2026-06,2026,3
GIORNALIERA_GIUGNO_2026_475a.pdf,2026-06-11,1,VARIE,12.0,STRADA (passanti),Strada (passanti),2026-06,2026,3
GIORNALIERA_GIUGNO_2026_475a.pdf,2026-06-12,1,VARIE,5.4,STRADA (passanti),Strada (passanti),2026-06,2026,4
GIORNALIERA_GIUGNO_2026_475a.pdf,2026-06-15,1,CARTOLINE,5.0,STRADA (passanti),Strada (passanti),2026-06,2026,0
GIORNALIERA_GIUGNO_2026_475a.pdf,2026-06-15,1,EDITORIA/LIBRI,9.0,STRADA (passanti),Strada (passanti),2026-06,2026,0
GIORNALIERA_GIUGNO_2026_475a.pdf,2026-06-15,1,CARTOLINE,5.0,STRADA (passanti),Strada (passanti),2026-06,2026,0
GIORNALIERA_GIUGNO_2026_475a.pdf,2026-06-15,1,VARIE,10.0,STRADA (passanti),Strada (passanti),2026-06,2026,0
GIORNALIERA_GIUGNO_2026_475a.pdf,2026-06-16,1,VARIE,4.5,STRADA (passanti),Strada (passanti),2026-06,2026,1
GIORNALIERA_GIUGNO_2026_475a.pdf,2026-06-16,1,VARIE,3.0,STRADA (passanti),Strada (passanti),2026-06,2026,1
GIORNALIERA_GIUGNO_2026_475a.pdf,2026-06-17,2,VARIE,29.6,STRADA (passanti),Strada (passanti),2026-06,2026,2
GIORNALIERA_GIUGNO_2026_475a.pdf,2026-06-17,1,CARTOLINE,5.0,STRADA (passanti),Strada (passanti),2026-06,2026,2
GIORNALIERA_GIUGNO_2026_475a.pdf,2026-06-17,1,VARIE,24.0,STRADA (passanti),Strada (passanti),2026-06,2026,2
GIORNALIERA_GIUGNO_2026_475a.pdf,2026-06-17,1,CARTOLINE,5.0,STRADA (passanti),Strada (passanti),2026-06,2026,2
GIORNALIERA_GIUGNO_2026_475a.pdf,2026-06-17,1,CARTOLINE,2.5,STRADA (passanti),Strada (passanti),2026-06,2026,2
GIORNALIERA_GIUGNO_2026_475a.pdf,2026-06-18,2,VARIE,29.1,STRADA (passanti),Strada (passanti),2026-06,2026,3
GIORNALIERA_GIUGNO_2026_475a.pdf,2026-06-18,1,VARIE,12.0,STRADA (passanti),Strada (passanti),2026-06,2026,3
GIORNALIERA_GIUGNO_2026_475a.pdf,2026-06-19,1,GONDOLE,24.0,STRADA (passanti),Strada (passanti),2026-06,2026,4
GIORNALIERA_GIUGNO_2026_475a.pdf,2026-06-19,1,VARIE,6.0,STRADA (passanti),Strada (passanti),2026-06,2026,4
GIORNALIERA_GIUGNO_2026_475a.pdf,2026-06-19,1,SEGNALIBRI,1.0,STRADA (passanti),Strada (passanti),2026-06,2026,4
GIORNALIERA_GIUGNO_2026_475a.pdf,2026-06-19,1,CARTOLINE,18.0,STRADA (passanti),Strada (passanti),2026-06,2026,4
GIORNALIERA_GIUGNO_2026_475a.pdf,2026-06-19,1,CARTOLINE,5.0,STRADA (passanti),Strada (passanti),2026-06,2026,4
GIORNALIERA_GIUGNO_2026_475a.pdf,2026-06-19,1,CARTOLINE,2.0,STRADA (passanti),Strada (passanti),2026-06,2026,4
GIORNALIERA_GIUGNO_2026_475a.pdf,2026-06-19,1,VARIE,6.0,STRADA (passanti),Strada (passanti),2026-06,2026,4
GIORNALIERA_GIUGNO_2026_475a.pdf,2026-06-19,1,VARIE,9.0,STRADA (passanti),Strada (passanti),2026-06,2026,4
GIORNALIERA_GIUGNO_2026_475a.pdf,2026-06-21,2,ESPERIENZA,17.0,STRADA (passanti),Strada (passanti),2026-06,2026,6
GIORNALIERA_GIUGNO_2026_475a.pdf,2026-06-22,1,CARTOLINE,5.0,STRADA (passanti),Strada (passanti),2026-06,2026,0
GIORNALIERA_GIUGNO_2026_475a.pdf,2026-06-22,1,VARIE,25.0,STRADA (passanti),Strada (passanti),2026-06,2026,0
GIORNALIERA_GIUGNO_2026_475a.pdf,2026-06-22,1,VARIE,4.0,STRADA (passanti),Strada (passanti),2026-06,2026,0
GIORNALIERA_GIUGNO_2026_475a.pdf,2026-06-23,1,VARIE,25.2,STRADA (passanti),Strada (passanti),2026-06,2026,1
GIORNALIERA_GIUGNO_2026_475a.pdf,2026-06-24,1,VARIE,28.0,STRADA (passanti),Strada (passanti),2026-06,2026,2
GIORNALIERA_GIUGNO_2026_475a.pdf,2026-06-25,1,CARTOLINE,5.0,STRADA (passanti),Strada (passanti),2026-06,2026,3
GIORNALIERA_GIUGNO_2026_475a.pdf,2026-06-25,1,VARIE,18.0,STRADA (passanti),Strada (passanti),2026-06,2026,3
GIORNALIERA_GIUGNO_2026_475a.pdf,2026-06-25,1,VARIE,7.4,STRADA (passanti),Strada (passanti),2026-06,2026,3
GIORNALIERA_GIUGNO_2026_475a.pdf,2026-06-25,1,VARIE,8.0,STRADA (passanti),Strada (passanti),2026-06,2026,3
GIORNALIERA_GIUGNO_2026_475a.pdf,2026-06-25,1,VARIE,14.31,STRADA (passanti),Strada (passanti),2026-06,2026,3
GIORNALIERA_GIUGNO_2026_475a.pdf,2026-06-26,1,CARTOLERIA,7.0,STRADA (passanti),Strada (passanti),2026-06,2026,4
GIORNALIERA_GIUGNO_2026_475a.pdf,2026-06-26,2,VARIE,6.5,STRADA (passanti),Strada (passanti),2026-06,2026,4
GIORNALIERA_GIUGNO_2026_475a.pdf,2026-06-26,1,VARIE,12.6,STRADA (passanti),Strada (passanti),2026-06,2026,4
GIORNALIERA_GIUGNO_2026_475a.pdf,2026-06-26,1,VARIE,14.4,STRADA (passanti),Strada (passanti),2026-06,2026,4
GIORNALIERA_GIUGNO_2026_475a.pdf,2026-06-27,1,ESPERIENZA,10.0,STRADA (passanti),Strada (passanti),2026-06,2026,5
GIORNALIERA_GIUGNO_2026_475a.pdf,2026-06-27,4,ESPERIENZA,40.0,STRADA (passanti),Strada (passanti),2026-06,2026,5
GIORNALIERA_GIUGNO_2026_475a.pdf,2026-06-29,2,VARIE,18.0,STRADA (passanti),Strada (passanti),2026-06,2026,0
GIORNALIERA_GIUGNO_2026_475a.pdf,2026-06-29,1,VARIE,21.0,STRADA (passanti),Strada (passanti),2026-06,2026,0
GIORNALIERA_GIUGNO_2026_475a.pdf,2026-06-29,1,VARIE,16.0,STRADA (passanti),Strada (passanti),2026-06,2026,0
GIORNALIERA_GIUGNO_2026_475a.pdf,2026-06-29,1,VARIE,9.0,STRADA (passanti),Strada (passanti),2026-06,2026,0
GIORNALIERA_GIUGNO_2026_475a.pdf,2026-06-30,1,CARTOLINE,3.0,STRADA (passanti),Strada (passanti),2026-06,2026,1
GIORNALIERA_GIUGNO_2026_475a.pdf,2026-06-30,1,GONDOLE,12.0,STRADA (passanti),Strada (passanti),2026-06,2026,1
GIORNALIERA_GIUGNO_2026_475a.pdf,2026-06-30,1,VARIE,25.2,STRADA (passanti),Strada (passanti),2026-06,2026,1
GIORNALIERA_GIUGNO_2026_475a.pdf,2026-06-30,1,VARIE,5.0,STRADA (passanti),Strada (passanti),2026-06,2026,1
GIORNALIERA_LUGLIO_2025___03bd.pdf,2025-07-01,5,CARTOLERIA,5.5,STRADA (passanti),Strada (passanti),2025-07,2025,1
GIORNALIERA_LUGLIO_2025___03bd.pdf,2025-07-01,1,CARTOLINE,1.0,STRADA (passanti),Strada (passanti),2025-07,2025,1
GIORNALIERA_LUGLIO_2025___03bd.pdf,2025-07-01,2,CARTOLINE,3.0,STRADA (passanti),Strada (passanti),2025-07,2025,1
GIORNALIERA_LUGLIO_2025___03bd.pdf,2025-07-01,1,CARTOLINE,9.0,STRADA (passanti),Strada (passanti),2025-07,2025,1
GIORNALIERA_LUGLIO_2025___03bd.pdf,2025-07-01,1,CARTOLINE,3.0,STRADA (passanti),Strada (passanti),2025-07,2025,1
GIORNALIERA_LUGLIO_2025___03bd.pdf,2025-07-01,9,CARTOLINE,1.0,STRADA (passanti),Strada (passanti),2025-07,2025,1
GIORNALIERA_LUGLIO_2025___03bd.pdf,2025-07-01,2,VARIE,4.5,STRADA (passanti),Strada (passanti),2025-07,2025,1
GIORNALIERA_LUGLIO_2025___03bd.pdf,2025-07-02,2,CARTOLINE,1.0,STRADA (passanti),Strada (passanti),2025-07,2025,2
GIORNALIERA_LUGLIO_2025___03bd.pdf,2025-07-02,1,SEGNALIBRI,1.0,STRADA (passanti),Strada (passanti),2025-07,2025,2
GIORNALIERA_LUGLIO_2025___03bd.pdf,2025-07-03,1,CARTOLINE,3.0,STRADA (passanti),Strada (passanti),2025-07,2025,3
GIORNALIERA_LUGLIO_2025___03bd.pdf,2025-07-03,1,SEGNALIBRI,1.0,STRADA (passanti),Strada (passanti),2025-07,2025,3
GIORNALIERA_LUGLIO_2025___03bd.pdf,2025-07-03,2,CARTOLINE,2.0,STRADA (passanti),Strada (passanti),2025-07,2025,3
GIORNALIERA_LUGLIO_2025___03bd.pdf,2025-07-04,4,VARIE,36.5,STRADA (passanti),Strada (passanti),2025-07,2025,4
GIORNALIERA_LUGLIO_2025___03bd.pdf,2025-07-04,2,VARIE,72.0,STRADA (passanti),Strada (passanti),2025-07,2025,4
GIORNALIERA_LUGLIO_2025___03bd.pdf,2025-07-04,1,VARIE,18.0,STRADA (passanti),Strada (passanti),2025-07,2025,4
GIORNALIERA_LUGLIO_2025___03bd.pdf,2025-07-04,1,VARIE,71.5,STRADA (passanti),Strada (passanti),2025-07,2025,4
GIORNALIERA_LUGLIO_2025___03bd.pdf,2025-07-04,4,VARIE,46.0,STRADA (passanti),Strada (passanti),2025-07,2025,4
GIORNALIERA_LUGLIO_2025___03bd.pdf,2025-07-05,2,ESPERIENZA,20.0,STRADA (passanti),Strada (passanti),2025-07,2025,5
GIORNALIERA_LUGLIO_2025___03bd.pdf,2025-07-05,2,CARTOLINE,2.0,STRADA (passanti),Strada (passanti),2025-07,2025,5
GIORNALIERA_LUGLIO_2025___03bd.pdf,2025-07-06,2,VARIE,6.0,STRADA (passanti),Strada (passanti),2025-07,2025,6
GIORNALIERA_LUGLIO_2025___03bd.pdf,2025-07-06,2,GONDOLE,12.0,STRADA (passanti),Strada (passanti),2025-07,2025,6
GIORNALIERA_LUGLIO_2025___03bd.pdf,2025-07-07,2,CARTOLINE,5.0,STRADA (passanti),Strada (passanti),2025-07,2025,0
GIORNALIERA_LUGLIO_2025___03bd.pdf,2025-07-07,2,SEGNALIBRI,5.0,STRADA (passanti),Strada (passanti),2025-07,2025,0
GIORNALIERA_LUGLIO_2025___03bd.pdf,2025-07-07,2,ESPERIENZA,20.0,STRADA (passanti),Strada (passanti),2025-07,2025,0
GIORNALIERA_LUGLIO_2025___03bd.pdf,2025-07-08,2,CARTOLINE,2.0,STRADA (passanti),Strada (passanti),2025-07,2025,1
GIORNALIERA_LUGLIO_2025___03bd.pdf,2025-07-08,2,ESPERIENZA,20.0,STRADA (passanti),Strada (passanti),2025-07,2025,1
GIORNALIERA_LUGLIO_2025___03bd.pdf,2025-07-08,1,CARTOLINE,2.0,STRADA (passanti),Strada (passanti),2025-07,2025,1
GIORNALIERA_LUGLIO_2025___03bd.pdf,2025-07-08,2,VARIE,21.0,STRADA (passanti),Strada (passanti),2025-07,2025,1
GIORNALIERA_LUGLIO_2025___03bd.pdf,2025-07-09,2,POSTER,6.0,STRADA (passanti),Strada (passanti),2025-07,2025,2
GIORNALIERA_LUGLIO_2025___03bd.pdf,2025-07-09,3,SEGNALIBRI,5.0,STRADA (passanti),Strada (passanti),2025-07,2025,2
GIORNALIERA_LUGLIO_2025___03bd.pdf,2025-07-10,5,ESPERIENZA,73.0,STRADA (passanti),Strada (passanti),2025-07,2025,3
GIORNALIERA_LUGLIO_2025___03bd.pdf,2025-07-10,3,SEGNALIBRI,6.0,STRADA (passanti),Strada (passanti),2025-07,2025,3
GIORNALIERA_LUGLIO_2025___03bd.pdf,2025-07-11,3,VARIE,45.0,STRADA (passanti),Strada (passanti),2025-07,2025,4
GIORNALIERA_LUGLIO_2025___03bd.pdf,2025-07-12,2,VARIE,40.9,STRADA (passanti),Strada (passanti),2025-07,2025,5
GIORNALIERA_LUGLIO_2025___03bd.pdf,2025-07-12,3,VARIE,33.0,STRADA (passanti),Strada (passanti),2025-07,2025,5
GIORNALIERA_LUGLIO_2025___03bd.pdf,2025-07-12,2,ESPERIENZA,20.0,STRADA (passanti),Strada (passanti),2025-07,2025,5
GIORNALIERA_LUGLIO_2025___03bd.pdf,2025-07-12,1,SEGNALIBRI,1.0,STRADA (passanti),Strada (passanti),2025-07,2025,5
GIORNALIERA_LUGLIO_2025___03bd.pdf,2025-07-12,1,CARTOLERIA,10.0,STRADA (passanti),Strada (passanti),2025-07,2025,5
GIORNALIERA_LUGLIO_2025___03bd.pdf,2025-07-12,1,CARTOLINE,1.0,STRADA (passanti),Strada (passanti),2025-07,2025,5
GIORNALIERA_LUGLIO_2025___03bd.pdf,2025-07-12,1,ESPERIENZA,10.0,STRADA (passanti),Strada (passanti),2025-07,2025,5
GIORNALIERA_LUGLIO_2025___03bd.pdf,2025-07-13,1,ESPERIENZA,8.0,STRADA (passanti),Strada (passanti),2025-07,2025,6
GIORNALIERA_LUGLIO_2025___03bd.pdf,2025-07-13,1,GONDOLE,7.0,STRADA (passanti),Strada (passanti),2025-07,2025,6
GIORNALIERA_LUGLIO_2025___03bd.pdf,2025-07-13,2,VARIE,15.0,STRADA (passanti),Strada (passanti),2025-07,2025,6
GIORNALIERA_LUGLIO_2025___03bd.pdf,2025-07-13,2,CARTOLINE,2.0,STRADA (passanti),Strada (passanti),2025-07,2025,6
GIORNALIERA_LUGLIO_2025___03bd.pdf,2025-07-13,1,CARTOLERIA,6.0,STRADA (passanti),Strada (passanti),2025-07,2025,6
GIORNALIERA_LUGLIO_2025___03bd.pdf,2025-07-13,2,VARIE,17.0,STRADA (passanti),Strada (passanti),2025-07,2025,6
GIORNALIERA_LUGLIO_2025___03bd.pdf,2025-07-13,2,SEGNALIBRI,12.0,STRADA (passanti),Strada (passanti),2025-07,2025,6
GIORNALIERA_LUGLIO_2025___03bd.pdf,2025-07-14,2,ESPERIENZA,10.0,STRADA (passanti),Strada (passanti),2025-07,2025,0
GIORNALIERA_LUGLIO_2025___03bd.pdf,2025-07-14,1,POSTER,3.0,STRADA (passanti),Strada (passanti),2025-07,2025,0
GIORNALIERA_LUGLIO_2025___03bd.pdf,2025-07-14,2,ESPERIENZA,20.0,STRADA (passanti),Strada (passanti),2025-07,2025,0
GIORNALIERA_LUGLIO_2025___03bd.pdf,2025-07-14,1,CARTOLINE,2.0,STRADA (passanti),Strada (passanti),2025-07,2025,0
GIORNALIERA_LUGLIO_2025___03bd.pdf,2025-07-16,2,ESPERIENZA,16.0,STRADA (passanti),Strada (passanti),2025-07,2025,2
GIORNALIERA_LUGLIO_2025___03bd.pdf,2025-07-16,1,ESPERIENZA,10.0,STRADA (passanti),Strada (passanti),2025-07,2025,2
GIORNALIERA_LUGLIO_2025___03bd.pdf,2025-07-16,1,CARTOLINE,1.0,STRADA (passanti),Strada (passanti),2025-07,2025,2
GIORNALIERA_LUGLIO_2025___03bd.pdf,2025-07-16,3,EDITORIA/LIBRI,12.0,STRADA (passanti),Strada (passanti),2025-07,2025,2
GIORNALIERA_LUGLIO_2025___03bd.pdf,2025-07-17,2,CARTOLINE,2.0,STRADA (passanti),Strada (passanti),2025-07,2025,3
GIORNALIERA_LUGLIO_2025___03bd.pdf,2025-07-17,2,EDITORIA/LIBRI,13.0,STRADA (passanti),Strada (passanti),2025-07,2025,3
GIORNALIERA_LUGLIO_2025___03bd.pdf,2025-07-17,2,SEGNALIBRI,2.0,STRADA (passanti),Strada (passanti),2025-07,2025,3
GIORNALIERA_LUGLIO_2025___03bd.pdf,2025-07-18,2,CARTOLINE,7.0,STRADA (passanti),Strada (passanti),2025-07,2025,4
GIORNALIERA_LUGLIO_2025___03bd.pdf,2025-07-18,2,POSTER,4.5,STRADA (passanti),Strada (passanti),2025-07,2025,4
GIORNALIERA_LUGLIO_2025___03bd.pdf,2025-07-18,1,ALTRO,25.0,STRADA (passanti),Strada (passanti),2025-07,2025,4
GIORNALIERA_LUGLIO_2025___03bd.pdf,2025-07-19,2,SEGNALIBRI,23.0,STRADA (passanti),Strada (passanti),2025-07,2025,5
GIORNALIERA_LUGLIO_2025___03bd.pdf,2025-07-19,2,ESPERIENZA,20.0,STRADA (passanti),Strada (passanti),2025-07,2025,5
GIORNALIERA_LUGLIO_2025___03bd.pdf,2025-07-19,1,CALAMITE,8.0,STRADA (passanti),Strada (passanti),2025-07,2025,5
GIORNALIERA_LUGLIO_2025___03bd.pdf,2025-07-19,3,CARTOLERIA,6.0,STRADA (passanti),Strada (passanti),2025-07,2025,5
GIORNALIERA_LUGLIO_2025___03bd.pdf,2025-07-20,2,VARIE,10.0,STRADA (passanti),Strada (passanti),2025-07,2025,6
GIORNALIERA_LUGLIO_2025___03bd.pdf,2025-07-20,2,ALTRO,46.0,STRADA (passanti),Strada (passanti),2025-07,2025,6
GIORNALIERA_LUGLIO_2025___03bd.pdf,2025-07-20,2,ESPERIENZA,20.0,STRADA (passanti),Strada (passanti),2025-07,2025,6
GIORNALIERA_LUGLIO_2025___03bd.pdf,2025-07-21,1,ESPERIENZA,10.0,STRADA (passanti),Strada (passanti),2025-07,2025,0
GIORNALIERA_LUGLIO_2025___03bd.pdf,2025-07-21,2,POSTER,3.0,STRADA (passanti),Strada (passanti),2025-07,2025,0
GIORNALIERA_LUGLIO_2025___03bd.pdf,2025-07-21,2,VARIE,15.0,STRADA (passanti),Strada (passanti),2025-07,2025,0
GIORNALIERA_LUGLIO_2025___03bd.pdf,2025-07-22,2,EDITORIA/LIBRI,10.0,STRADA (passanti),Strada (passanti),2025-07,2025,1
GIORNALIERA_LUGLIO_2025___03bd.pdf,2025-07-22,2,ALTRO,19.9,STRADA (passanti),Strada (passanti),2025-07,2025,1
GIORNALIERA_LUGLIO_2025___03bd.pdf,2025-07-24,1,CARTOLINE,1.0,STRADA (passanti),Strada (passanti),2025-07,2025,3
GIORNALIERA_LUGLIO_2025___03bd.pdf,2025-07-24,1,CARTOLERIA,4.0,STRADA (passanti),Strada (passanti),2025-07,2025,3
GIORNALIERA_LUGLIO_2025___03bd.pdf,2025-07-24,2,CARTOLERIA,3.5,STRADA (passanti),Strada (passanti),2025-07,2025,3
GIORNALIERA_LUGLIO_2025___03bd.pdf,2025-07-24,2,CARTOLERIA,3.0,STRADA (passanti),Strada (passanti),2025-07,2025,3
GIORNALIERA_LUGLIO_2025___03bd.pdf,2025-07-25,2,ESPERIENZA,20.0,STRADA (passanti),Strada (passanti),2025-07,2025,4
GIORNALIERA_LUGLIO_2025___03bd.pdf,2025-07-25,2,VARIE,23.0,STRADA (passanti),Strada (passanti),2025-07,2025,4
GIORNALIERA_LUGLIO_2025___03bd.pdf,2025-07-25,1,EDITORIA/LIBRI,12.0,STRADA (passanti),Strada (passanti),2025-07,2025,4
GIORNALIERA_LUGLIO_2025___03bd.pdf,2025-07-25,3,ESPERIENZA,32.0,STRADA (passanti),Strada (passanti),2025-07,2025,4
GIORNALIERA_LUGLIO_2025___03bd.pdf,2025-07-25,2,VARIE,8.5,STRADA (passanti),Strada (passanti),2025-07,2025,4
GIORNALIERA_LUGLIO_2025___03bd.pdf,2025-07-25,2,CARTOLINE,2.0,STRADA (passanti),Strada (passanti),2025-07,2025,4
GIORNALIERA_LUGLIO_2025___03bd.pdf,2025-07-26,1,VARIE,18.0,STRADA (passanti),Strada (passanti),2025-07,2025,5
GIORNALIERA_LUGLIO_2025___03bd.pdf,2025-07-26,2,SEGNALIBRI,18.0,STRADA (passanti),Strada (passanti),2025-07,2025,5
GIORNALIERA_LUGLIO_2025___03bd.pdf,2025-07-26,2,ESPERIENZA,18.0,STRADA (passanti),Strada (passanti),2025-07,2025,5
GIORNALIERA_LUGLIO_2025___03bd.pdf,2025-07-26,1,CARTOLERIA,22.0,STRADA (passanti),Strada (passanti),2025-07,2025,5
GIORNALIERA_LUGLIO_2025___03bd.pdf,2025-07-26,1,VARIE,6.0,STRADA (passanti),Strada (passanti),2025-07,2025,5
GIORNALIERA_LUGLIO_2025___03bd.pdf,2025-07-26,2,VARIE,15.0,STRADA (passanti),Strada (passanti),2025-07,2025,5
GIORNALIERA_LUGLIO_2025___03bd.pdf,2025-07-26,2,CARTOLINE,2.0,STRADA (passanti),Strada (passanti),2025-07,2025,5
GIORNALIERA_LUGLIO_2025___03bd.pdf,2025-07-27,2,SEGNALIBRI,6.0,STRADA (passanti),Strada (passanti),2025-07,2025,6
GIORNALIERA_LUGLIO_2025___03bd.pdf,2025-07-27,2,CARTOLERIA,4.0,STRADA (passanti),Strada (passanti),2025-07,2025,6
GIORNALIERA_LUGLIO_2025___03bd.pdf,2025-07-27,7,ESPERIENZA,7.0,STRADA (passanti),Strada (passanti),2025-07,2025,6
GIORNALIERA_LUGLIO_2025___03bd.pdf,2025-07-27,2,CARTOLERIA,7.5,STRADA (passanti),Strada (passanti),2025-07,2025,6
GIORNALIERA_LUGLIO_2025___03bd.pdf,2025-07-27,4,GADGET,18.0,STRADA (passanti),Strada (passanti),2025-07,2025,6
GIORNALIERA_LUGLIO_2025___03bd.pdf,2025-07-27,4,CARTOLINE,10.0,STRADA (passanti),Strada (passanti),2025-07,2025,6
GIORNALIERA_LUGLIO_2025___03bd.pdf,2025-07-28,3,VARIE,9.0,STRADA (passanti),Strada (passanti),2025-07,2025,0
GIORNALIERA_LUGLIO_2025___03bd.pdf,2025-07-28,2,ESPERIENZA,20.0,STRADA (passanti),Strada (passanti),2025-07,2025,0
GIORNALIERA_LUGLIO_2025___03bd.pdf,2025-07-28,1,POSTER,4.5,STRADA (passanti),Strada (passanti),2025-07,2025,0
GIORNALIERA_LUGLIO_2025___03bd.pdf,2025-07-28,2,VARIE,27.9,STRADA (passanti),Strada (passanti),2025-07,2025,0
GIORNALIERA_LUGLIO_2025___03bd.pdf,2025-07-29,3,ALTRO,44.0,STRADA (passanti),Strada (passanti),2025-07,2025,1
GIORNALIERA_LUGLIO_2025___03bd.pdf,2025-07-30,1,EDITORIA/LIBRI,22.0,STRADA (passanti),Strada (passanti),2025-07,2025,2
GIORNALIERA_LUGLIO_2025___03bd.pdf,2025-07-30,2,VARIE,9.5,STRADA (passanti),Strada (passanti),2025-07,2025,2
GIORNALIERA_LUGLIO_2025___03bd.pdf,2025-07-30,3,ESPERIENZA,28.0,STRADA (passanti),Strada (passanti),2025-07,2025,2
GIORNALIERA_LUGLIO_2025___03bd.pdf,2025-07-30,2,VARIE,10.0,STRADA (passanti),Strada (passanti),2025-07,2025,2
GIORNALIERA_LUGLIO_2025___03bd.pdf,2025-07-30,2,CARTOLINE,5.0,STRADA (passanti),Strada (passanti),2025-07,2025,2
GIORNALIERA_LUGLIO_2025___03bd.pdf,2025-07-30,2,VARIE,23.0,STRADA (passanti),Strada (passanti),2025-07,2025,2
GIORNALIERA_LUGLIO_2025___03bd.pdf,2025-07-31,1,VARIE,21.0,STRADA (passanti),Strada (passanti),2025-07,2025,3
GIORNALIERA_LUGLIO_2025___03bd.pdf,2025-07-31,4,CARTOLINE,5.0,STRADA (passanti),Strada (passanti),2025-07,2025,3
GIORNALIERA_LUGLIO_2025___03bd.pdf,2025-07-31,2,CARTOLINE,7.0,STRADA (passanti),Strada (passanti),2025-07,2025,3
GIORNALIERA_LUGLIO_2026_44d9.pdf,2026-07-01,1,VARIE,21.6,STRADA (passanti),Strada (passanti),2026-07,2026,2
GIORNALIERA_LUGLIO_2026_44d9.pdf,2026-07-02,1,VARIE,15.0,STRADA (passanti),Strada (passanti),2026-07,2026,3
GIORNALIERA_LUGLIO_2026_44d9.pdf,2026-07-02,1,VARIE,10.0,STRADA (passanti),Strada (passanti),2026-07,2026,3
GIORNALIERA_LUGLIO_2026_44d9.pdf,2026-07-02,1,CARTOLINE,2.0,STRADA (passanti),Strada (passanti),2026-07,2026,3
GIORNALIERA_LUGLIO_2026_44d9.pdf,2026-07-02,1,VARIE,27.2,STRADA (passanti),Strada (passanti),2026-07,2026,3
GIORNALIERA_LUGLIO_2026_44d9.pdf,2026-07-02,1,CARTOLINE,2.0,STRADA (passanti),Strada (passanti),2026-07,2026,3
GIORNALIERA_LUGLIO_2026_44d9.pdf,2026-07-03,1,VARIE,6.0,STRADA (passanti),Strada (passanti),2026-07,2026,4
GIORNALIERA_LUGLIO_2026_44d9.pdf,2026-07-03,1,VARIE,3.0,STRADA (passanti),Strada (passanti),2026-07,2026,4
GIORNALIERA_LUGLIO_2026_44d9.pdf,2026-07-03,1,VARIE,16.0,STRADA (passanti),Strada (passanti),2026-07,2026,4
GIORNALIERA_LUGLIO_2026_44d9.pdf,2026-07-03,1,CARTOLINE,2.0,STRADA (passanti),Strada (passanti),2026-07,2026,4
GIORNALIERA_LUGLIO_2026_44d9.pdf,2026-07-06,1,CARTOLINE,5.0,STRADA (passanti),Strada (passanti),2026-07,2026,0
GIORNALIERA_LUGLIO_2026_44d9.pdf,2026-07-06,1,CARTOLINE,1.0,STRADA (passanti),Strada (passanti),2026-07,2026,0
GIORNALIERA_LUGLIO_2026_44d9.pdf,2026-07-06,1,VARIE,18.0,STRADA (passanti),Strada (passanti),2026-07,2026,0
GIORNALIERA_LUGLIO_2026_44d9.pdf,2026-07-06,4,VARIE,30.0,STRADA (passanti),Strada (passanti),2026-07,2026,0
GIORNALIERA_LUGLIO_2026_44d9.pdf,2026-07-06,1,VARIE,6.0,STRADA (passanti),Strada (passanti),2026-07,2026,0
GIORNALIERA_LUGLIO_2026_44d9.pdf,2026-07-07,1,CARTOLINE,6.0,STRADA (passanti),Strada (passanti),2026-07,2026,1
GIORNALIERA_LUGLIO_2026_44d9.pdf,2026-07-07,1,VARIE,4.0,STRADA (passanti),Strada (passanti),2026-07,2026,1
GIORNALIERA_LUGLIO_2026_44d9.pdf,2026-07-07,1,VARIE,13.0,STRADA (passanti),Strada (passanti),2026-07,2026,1
GIORNALIERA_LUGLIO_2026_44d9.pdf,2026-07-07,1,VARIE,12.0,STRADA (passanti),Strada (passanti),2026-07,2026,1
GIORNALIERA_LUGLIO_2026_44d9.pdf,2026-07-07,1,VARIE,6.0,STRADA (passanti),Strada (passanti),2026-07,2026,1
GIORNALIERA_LUGLIO_2026_44d9.pdf,2026-07-07,1,VARIE,11.0,STRADA (passanti),Strada (passanti),2026-07,2026,1
GIORNALIERA_LUGLIO_2026_44d9.pdf,2026-07-08,1,VARIE,15.0,STRADA (passanti),Strada (passanti),2026-07,2026,2
GIORNALIERA_LUGLIO_2026_44d9.pdf,2026-07-08,1,CARTOLINE,5.0,STRADA (passanti),Strada (passanti),2026-07,2026,2
GIORNALIERA_LUGLIO_2026_44d9.pdf,2026-07-08,1,CARTOLINE,2.0,STRADA (passanti),Strada (passanti),2026-07,2026,2
GIORNALIERA_LUGLIO_2026_44d9.pdf,2026-07-09,1,CARTOLINE,5.0,STRADA (passanti),Strada (passanti),2026-07,2026,3
GIORNALIERA_LUGLIO_2026_44d9.pdf,2026-07-10,1,CARTOLINE,2.0,STRADA (passanti),Strada (passanti),2026-07,2026,4
GIORNALIERA_LUGLIO_2026_44d9.pdf,2026-07-10,1,VARIE,27.0,STRADA (passanti),Strada (passanti),2026-07,2026,4
GIORNALIERA_LUGLIO_2026_44d9.pdf,2026-07-10,1,EDITORIA/LIBRI,12.0,STRADA (passanti),Strada (passanti),2026-07,2026,4
GIORNALIERA_LUGLIO_2026_44d9.pdf,2026-07-13,1,GONDOLE,9.6,STRADA (passanti),Strada (passanti),2026-07,2026,0
GIORNALIERA_LUGLIO_2026_44d9.pdf,2026-07-13,1,EDITORIA/LIBRI,15.0,STRADA (passanti),Strada (passanti),2026-07,2026,0
GIORNALIERA_LUGLIO_2026_44d9.pdf,2026-07-14,1,VARIE,36.0,STRADA (passanti),Strada (passanti),2026-07,2026,1
GIORNALIERA_LUGLIO_2026_44d9.pdf,2026-07-14,1,GONDOLE,9.0,STRADA (passanti),Strada (passanti),2026-07,2026,1
GIORNALIERA_LUGLIO_2026_44d9.pdf,2026-07-14,1,EDITORIA/LIBRI,15.0,STRADA (passanti),Strada (passanti),2026-07,2026,1
GIORNALIERA_LUGLIO_2026_44d9.pdf,2026-07-14,1,VARIE,19.0,STRADA (passanti),Strada (passanti),2026-07,2026,1
GIORNALIERA_LUGLIO_2026_44d9.pdf,2026-07-14,1,EDITORIA/LIBRI,15.0,STRADA (passanti),Strada (passanti),2026-07,2026,1
GIORNALIERA_LUGLIO_2026_44d9.pdf,2026-07-15,2,CARTOLINE,2.0,STRADA (passanti),Strada (passanti),2026-07,2026,2
GIORNALIERA_LUGLIO_2026_44d9.pdf,2026-07-15,2,VARIE,20.0,STRADA (passanti),Strada (passanti),2026-07,2026,2
GIORNALIERA_LUGLIO_2026_44d9.pdf,2026-07-15,1,GADGET,9.0,STRADA (passanti),Strada (passanti),2026-07,2026,2
GIORNALIERA_LUGLIO_2026_44d9.pdf,2026-07-16,1,CARTOLINE,1.0,STRADA (passanti),Strada (passanti),2026-07,2026,3
GIORNALIERA_LUGLIO_2026_44d9.pdf,2026-07-16,1,CARTOLINE,5.0,STRADA (passanti),Strada (passanti),2026-07,2026,3
GIORNALIERA_LUGLIO_2026_44d9.pdf,2026-07-16,1,CARTOLERIA,4.0,STRADA (passanti),Strada (passanti),2026-07,2026,3
GIORNALIERA_LUGLIO_2026_44d9.pdf,2026-07-17,1,VARIE,6.0,STRADA (passanti),Strada (passanti),2026-07,2026,4
GIORNALIERA_LUGLIO_2026_44d9.pdf,2026-07-17,1,GONDOLE,9.0,STRADA (passanti),Strada (passanti),2026-07,2026,4
GIORNALIERA_LUGLIO_2026_44d9.pdf,2026-07-17,2,GONDOLE,18.0,STRADA (passanti),Strada (passanti),2026-07,2026,4
GIORNALIERA_LUGLIO_2026_44d9.pdf,2026-07-20,2,GADGET,14.0,STRADA (passanti),Strada (passanti),2026-07,2026,0
GIORNALIERA_LUGLIO_2026_44d9.pdf,2026-07-20,1,VARIE,10.0,STRADA (passanti),Strada (passanti),2026-07,2026,0
GIORNALIERA_LUGLIO_2026_44d9.pdf,2026-07-20,1,CARTOLINE,1.0,STRADA (passanti),Strada (passanti),2026-07,2026,0
GIORNALIERA_LUGLIO_2026_44d9.pdf,2026-07-21,1,CARTOLINE,6.0,STRADA (passanti),Strada (passanti),2026-07,2026,1
GIORNALIERA_LUGLIO_2026_44d9.pdf,2026-07-21,1,VARIE,7.0,STRADA (passanti),Strada (passanti),2026-07,2026,1
GIORNALIERA_LUGLIO_2026_44d9.pdf,2026-07-22,1,VARIE,5.4,STRADA (passanti),Strada (passanti),2026-07,2026,2
GIORNALIERA_LUGLIO_2026_44d9.pdf,2026-07-22,1,CARTOLINE,1.0,STRADA (passanti),Strada (passanti),2026-07,2026,2
GIORNALIERA_LUGLIO_2026_44d9.pdf,2026-07-24,1,CARTOLINE,3.0,STRADA (passanti),Strada (passanti),2026-07,2026,4
GIORNALIERA_LUGLIO_2026_44d9.pdf,2026-07-24,1,VARIE,8.0,STRADA (passanti),Strada (passanti),2026-07,2026,4
GIORNALIERA_LUGLIO_2026_44d9.pdf,2026-07-24,2,VARIE,28.1,STRADA (passanti),Strada (passanti),2026-07,2026,4
GIORNALIERA_LUGLIO_2026_44d9.pdf,2026-07-24,1,EDITORIA/LIBRI,25.0,STRADA (passanti),Strada (passanti),2026-07,2026,4
GIORNALIERA_LUGLIO_2026_44d9.pdf,2026-07-24,1,CARTOLINE,5.0,STRADA (passanti),Strada (passanti),2026-07,2026,4
GIORNALIERA_LUGLIO_2026_44d9.pdf,2026-07-24,1,VARIE,6.0,STRADA (passanti),Strada (passanti),2026-07,2026,4
GIORNALIERA_LUGLIO_2026_44d9.pdf,2026-07-25,1,CARTOLINE,1.0,STRADA (passanti),Strada (passanti),2026-07,2026,5
GIORNALIERA_LUGLIO_2026_44d9.pdf,2026-07-27,1,VARIE,4.0,STRADA (passanti),Strada (passanti),2026-07,2026,0
GIORNALIERA_LUGLIO_2026_44d9.pdf,2026-07-29,1,EDITORIA/LIBRI,10.8,STRADA (passanti),Strada (passanti),2026-07,2026,2
GIORNALIERA_LUGLIO_2026_44d9.pdf,2026-07-29,1,GONDOLE,21.6,STRADA (passanti),Strada (passanti),2026-07,2026,2
GIORNALIERA_LUGLIO_2026_44d9.pdf,2026-07-29,1,VARIE,20.5,STRADA (passanti),Strada (passanti),2026-07,2026,2
GIORNALIERA_LUGLIO_2026_44d9.pdf,2026-07-29,1,VARIE,10.0,STRADA (passanti),Strada (passanti),2026-07,2026,2
GIORNALIERA_LUGLIO_2026_44d9.pdf,2026-07-29,1,EDITORIA/LIBRI,12.0,STRADA (passanti),Strada (passanti),2026-07,2026,2
GIORNALIERA_LUGLIO_2026_44d9.pdf,2026-07-30,3,ESPERIENZA,30.0,STRADA (passanti),Strada (passanti),2026-07,2026,3
GIORNALIERA_LUGLIO_2026_44d9.pdf,2026-07-31,2,VARIE,9.0,STRADA (passanti),Strada (passanti),2026-07,2026,4
GIORNALIERA_MAGGIO_2025_8418.pdf,2025-05-01,2,VARIE,15.0,STRADA (passanti),Strada (passanti),2025-05,2025,3
GIORNALIERA_MAGGIO_2025_8418.pdf,2025-05-01,2,VARIE,10.0,STRADA (passanti),Strada (passanti),2025-05,2025,3
GIORNALIERA_MAGGIO_2025_8418.pdf,2025-05-01,1,ESPERIENZA,10.0,STRADA (passanti),Strada (passanti),2025-05,2025,3
GIORNALIERA_MAGGIO_2025_8418.pdf,2025-05-01,1,CARTOLINE,1.0,STRADA (passanti),Strada (passanti),2025-05,2025,3
GIORNALIERA_MAGGIO_2025_8418.pdf,2025-05-01,2,VARIE,14.0,STRADA (passanti),Strada (passanti),2025-05,2025,3
GIORNALIERA_MAGGIO_2025_8418.pdf,2025-05-01,1,SEGNALIBRI,6.0,STRADA (passanti),Strada (passanti),2025-05,2025,3
GIORNALIERA_MAGGIO_2025_8418.pdf,2025-05-01,2,VARIE,35.0,STRADA (passanti),Strada (passanti),2025-05,2025,3
GIORNALIERA_MAGGIO_2025_8418.pdf,2025-05-01,2,SEGNALIBRI,2.0,STRADA (passanti),Strada (passanti),2025-05,2025,3
GIORNALIERA_MAGGIO_2025_8418.pdf,2025-05-02,4,SEGNALIBRI,1.0,STRADA (passanti),Strada (passanti),2025-05,2025,4
GIORNALIERA_MAGGIO_2025_8418.pdf,2025-05-02,2,CARTOLERIA,3.5,STRADA (passanti),Strada (passanti),2025-05,2025,4
GIORNALIERA_MAGGIO_2025_8418.pdf,2025-05-02,2,CARTOLERIA,22.0,STRADA (passanti),Strada (passanti),2025-05,2025,4
GIORNALIERA_MAGGIO_2025_8418.pdf,2025-05-03,1,CARTOLINE,5.0,STRADA (passanti),Strada (passanti),2025-05,2025,5
GIORNALIERA_MAGGIO_2025_8418.pdf,2025-05-03,1,EDITORIA/LIBRI,15.0,STRADA (passanti),Strada (passanti),2025-05,2025,5
GIORNALIERA_MAGGIO_2025_8418.pdf,2025-05-03,1,CARTOLINE,1.0,STRADA (passanti),Strada (passanti),2025-05,2025,5
GIORNALIERA_MAGGIO_2025_8418.pdf,2025-05-03,1,SEGNALIBRI,1.0,STRADA (passanti),Strada (passanti),2025-05,2025,5
GIORNALIERA_MAGGIO_2025_8418.pdf,2025-05-04,2,ESPERIENZA,18.0,STRADA (passanti),Strada (passanti),2025-05,2025,6
GIORNALIERA_MAGGIO_2025_8418.pdf,2025-05-04,1,CARTOLINE,1.0,STRADA (passanti),Strada (passanti),2025-05,2025,6
GIORNALIERA_MAGGIO_2025_8418.pdf,2025-05-04,1,SEGNALIBRI,6.0,STRADA (passanti),Strada (passanti),2025-05,2025,6
GIORNALIERA_MAGGIO_2025_8418.pdf,2025-05-05,3,CARTOLINE,6.0,STRADA (passanti),Strada (passanti),2025-05,2025,0
GIORNALIERA_MAGGIO_2025_8418.pdf,2025-05-05,3,VARIE,35.0,STRADA (passanti),Strada (passanti),2025-05,2025,0
GIORNALIERA_MAGGIO_2025_8418.pdf,2025-05-06,2,CALAMITE,10.0,STRADA (passanti),Strada (passanti),2025-05,2025,1
GIORNALIERA_MAGGIO_2025_8418.pdf,2025-05-06,2,CALAMITE,5.0,STRADA (passanti),Strada (passanti),2025-05,2025,1
GIORNALIERA_MAGGIO_2025_8418.pdf,2025-05-06,2,CARTOLINE,5.0,STRADA (passanti),Strada (passanti),2025-05,2025,1
GIORNALIERA_MAGGIO_2025_8418.pdf,2025-05-06,1,VARIE,11.0,STRADA (passanti),Strada (passanti),2025-05,2025,1
GIORNALIERA_MAGGIO_2025_8418.pdf,2025-05-06,2,CARTOLINE,5.0,STRADA (passanti),Strada (passanti),2025-05,2025,1
GIORNALIERA_MAGGIO_2025_8418.pdf,2025-05-06,2,VARIE,11.0,STRADA (passanti),Strada (passanti),2025-05,2025,1
GIORNALIERA_MAGGIO_2025_8418.pdf,2025-05-07,2,POSTER,9.0,STRADA (passanti),Strada (passanti),2025-05,2025,2
GIORNALIERA_MAGGIO_2025_8418.pdf,2025-05-07,1,SEGNALIBRI,4.0,STRADA (passanti),Strada (passanti),2025-05,2025,2
GIORNALIERA_MAGGIO_2025_8418.pdf,2025-05-08,1,SEGNALIBRI,12.0,STRADA (passanti),Strada (passanti),2025-05,2025,3
GIORNALIERA_MAGGIO_2025_8418.pdf,2025-05-08,2,CARTOLINE,5.0,STRADA (passanti),Strada (passanti),2025-05,2025,3
GIORNALIERA_MAGGIO_2025_8418.pdf,2025-05-08,2,VARIE,13.0,STRADA (passanti),Strada (passanti),2025-05,2025,3
GIORNALIERA_MAGGIO_2025_8418.pdf,2025-05-08,2,GONDOLE,7.0,STRADA (passanti),Strada (passanti),2025-05,2025,3
GIORNALIERA_MAGGIO_2025_8418.pdf,2025-05-08,2,VARIE,20.0,STRADA (passanti),Strada (passanti),2025-05,2025,3
GIORNALIERA_MAGGIO_2025_8418.pdf,2025-05-09,2,EDITORIA/LIBRI,25.0,STRADA (passanti),Strada (passanti),2025-05,2025,4
GIORNALIERA_MAGGIO_2025_8418.pdf,2025-05-09,2,VARIE,10.5,STRADA (passanti),Strada (passanti),2025-05,2025,4
GIORNALIERA_MAGGIO_2025_8418.pdf,2025-05-09,2,CARTOLINE,1.0,STRADA (passanti),Strada (passanti),2025-05,2025,4
GIORNALIERA_MAGGIO_2025_8418.pdf,2025-05-09,2,VARIE,14.0,STRADA (passanti),Strada (passanti),2025-05,2025,4
GIORNALIERA_MAGGIO_2025_8418.pdf,2025-05-09,2,SEGNALIBRI,6.0,STRADA (passanti),Strada (passanti),2025-05,2025,4
GIORNALIERA_MAGGIO_2025_8418.pdf,2025-05-10,2,VARIE,24.0,STRADA (passanti),Strada (passanti),2025-05,2025,5
GIORNALIERA_MAGGIO_2025_8418.pdf,2025-05-10,2,CARTOLERIA,12.0,STRADA (passanti),Strada (passanti),2025-05,2025,5
GIORNALIERA_MAGGIO_2025_8418.pdf,2025-05-10,2,CARTOLERIA,45.0,STRADA (passanti),Strada (passanti),2025-05,2025,5
GIORNALIERA_MAGGIO_2025_8418.pdf,2025-05-11,2,POSTER,4.5,STRADA (passanti),Strada (passanti),2025-05,2025,6
GIORNALIERA_MAGGIO_2025_8418.pdf,2025-05-11,2,VARIE,8.5,STRADA (passanti),Strada (passanti),2025-05,2025,6
GIORNALIERA_MAGGIO_2025_8418.pdf,2025-05-11,4,ALTRO,28.0,STRADA (passanti),Strada (passanti),2025-05,2025,6
GIORNALIERA_MAGGIO_2025_8418.pdf,2025-05-12,4,VARIE,6.0,STRADA (passanti),Strada (passanti),2025-05,2025,0
GIORNALIERA_MAGGIO_2025_8418.pdf,2025-05-12,1,CARTOLINE,5.0,STRADA (passanti),Strada (passanti),2025-05,2025,0
GIORNALIERA_MAGGIO_2025_8418.pdf,2025-05-12,2,SEGNALIBRI,3.0,STRADA (passanti),Strada (passanti),2025-05,2025,0
GIORNALIERA_MAGGIO_2025_8418.pdf,2025-05-13,2,CARTOLERIA,4.5,STRADA (passanti),Strada (passanti),2025-05,2025,1
GIORNALIERA_MAGGIO_2025_8418.pdf,2025-05-13,2,CARTOLERIA,23.0,STRADA (passanti),Strada (passanti),2025-05,2025,1
GIORNALIERA_MAGGIO_2025_8418.pdf,2025-05-14,1,CARTOLINE,5.0,STRADA (passanti),Strada (passanti),2025-05,2025,2
GIORNALIERA_MAGGIO_2025_8418.pdf,2025-05-14,1,EDITORIA/LIBRI,10.0,STRADA (passanti),Strada (passanti),2025-05,2025,2
GIORNALIERA_MAGGIO_2025_8418.pdf,2025-05-15,2,EDITORIA/LIBRI,20.0,STRADA (passanti),Strada (passanti),2025-05,2025,3
GIORNALIERA_MAGGIO_2025_8418.pdf,2025-05-15,1,SEGNALIBRI,1.0,STRADA (passanti),Strada (passanti),2025-05,2025,3
GIORNALIERA_MAGGIO_2025_8418.pdf,2025-05-15,2,SEGNALIBRI,2.0,STRADA (passanti),Strada (passanti),2025-05,2025,3
GIORNALIERA_MAGGIO_2025_8418.pdf,2025-05-16,2,VARIE,15.0,STRADA (passanti),Strada (passanti),2025-05,2025,4
GIORNALIERA_MAGGIO_2025_8418.pdf,2025-05-16,1,ALTRO,4.0,STRADA (passanti),Strada (passanti),2025-05,2025,4
GIORNALIERA_MAGGIO_2025_8418.pdf,2025-05-16,2,CARTOLINE,1.0,STRADA (passanti),Strada (passanti),2025-05,2025,4
GIORNALIERA_MAGGIO_2025_8418.pdf,2025-05-16,3,VARIE,40.0,STRADA (passanti),Strada (passanti),2025-05,2025,4
GIORNALIERA_MAGGIO_2025_8418.pdf,2025-05-16,1,VARIE,24.0,STRADA (passanti),Strada (passanti),2025-05,2025,4
GIORNALIERA_MAGGIO_2025_8418.pdf,2025-05-17,2,SEGNALIBRI,6.0,STRADA (passanti),Strada (passanti),2025-05,2025,5
GIORNALIERA_MAGGIO_2025_8418.pdf,2025-05-17,2,VARIE,9.0,STRADA (passanti),Strada (passanti),2025-05,2025,5
GIORNALIERA_MAGGIO_2025_8418.pdf,2025-05-17,2,SEGNALIBRI,2.0,STRADA (passanti),Strada (passanti),2025-05,2025,5
GIORNALIERA_MAGGIO_2025_8418.pdf,2025-05-17,1,GADGET,28.0,STRADA (passanti),Strada (passanti),2025-05,2025,5
GIORNALIERA_MAGGIO_2025_8418.pdf,2025-05-17,9,ESPERIENZA,90.0,STRADA (passanti),Strada (passanti),2025-05,2025,5
GIORNALIERA_MAGGIO_2025_8418.pdf,2025-05-17,2,CARTOLINE,4.0,STRADA (passanti),Strada (passanti),2025-05,2025,5
GIORNALIERA_MAGGIO_2025_8418.pdf,2025-05-17,1,VARIE,12.0,STRADA (passanti),Strada (passanti),2025-05,2025,5
GIORNALIERA_MAGGIO_2025_8418.pdf,2025-05-17,1,VARIE,6.0,STRADA (passanti),Strada (passanti),2025-05,2025,5
GIORNALIERA_MAGGIO_2025_8418.pdf,2025-05-18,4,VARIE,16.5,STRADA (passanti),Strada (passanti),2025-05,2025,6
GIORNALIERA_MAGGIO_2025_8418.pdf,2025-05-18,2,EDITORIA/LIBRI,5.0,STRADA (passanti),Strada (passanti),2025-05,2025,6
GIORNALIERA_MAGGIO_2025_8418.pdf,2025-05-18,1,VARIE,26.0,STRADA (passanti),Strada (passanti),2025-05,2025,6
GIORNALIERA_MAGGIO_2025_8418.pdf,2025-05-18,1,CARTOLERIA,22.0,STRADA (passanti),Strada (passanti),2025-05,2025,6
GIORNALIERA_MAGGIO_2025_8418.pdf,2025-05-18,2,VARIE,32.0,STRADA (passanti),Strada (passanti),2025-05,2025,6
GIORNALIERA_MAGGIO_2025_8418.pdf,2025-05-19,1,SEGNALIBRI,2.0,STRADA (passanti),Strada (passanti),2025-05,2025,0
GIORNALIERA_MAGGIO_2025_8418.pdf,2025-05-19,1,SEGNALIBRI,1.0,STRADA (passanti),Strada (passanti),2025-05,2025,0
GIORNALIERA_MAGGIO_2025_8418.pdf,2025-05-19,1,CARTOLINE,5.0,STRADA (passanti),Strada (passanti),2025-05,2025,0
GIORNALIERA_MAGGIO_2025_8418.pdf,2025-05-20,2,ESPERIENZA,20.0,STRADA (passanti),Strada (passanti),2025-05,2025,1
GIORNALIERA_MAGGIO_2025_8418.pdf,2025-05-20,2,CARTOLINE,5.0,STRADA (passanti),Strada (passanti),2025-05,2025,1
GIORNALIERA_MAGGIO_2025_8418.pdf,2025-05-20,2,VARIE,20.0,STRADA (passanti),Strada (passanti),2025-05,2025,1
GIORNALIERA_MAGGIO_2025_8418.pdf,2025-05-20,2,VARIE,5.0,STRADA (passanti),Strada (passanti),2025-05,2025,1
GIORNALIERA_MAGGIO_2025_8418.pdf,2025-05-20,2,VARIE,5.0,STRADA (passanti),Strada (passanti),2025-05,2025,1
GIORNALIERA_MAGGIO_2025_8418.pdf,2025-05-21,2,SEGNALIBRI,12.0,STRADA (passanti),Strada (passanti),2025-05,2025,2
GIORNALIERA_MAGGIO_2025_8418.pdf,2025-05-21,2,VARIE,24.0,STRADA (passanti),Strada (passanti),2025-05,2025,2
GIORNALIERA_MAGGIO_2025_8418.pdf,2025-05-21,1,SEGNALIBRI,2.0,STRADA (passanti),Strada (passanti),2025-05,2025,2
GIORNALIERA_MAGGIO_2025_8418.pdf,2025-05-21,1,SEGNALIBRI,4.0,STRADA (passanti),Strada (passanti),2025-05,2025,2
GIORNALIERA_MAGGIO_2025_8418.pdf,2025-05-21,2,VARIE,8.0,STRADA (passanti),Strada (passanti),2025-05,2025,2
GIORNALIERA_MAGGIO_2025_8418.pdf,2025-05-21,1,VARIE,4.5,STRADA (passanti),Strada (passanti),2025-05,2025,2
GIORNALIERA_MAGGIO_2025_8418.pdf,2025-05-22,2,VARIE,11.0,STRADA (passanti),Strada (passanti),2025-05,2025,3
GIORNALIERA_MAGGIO_2025_8418.pdf,2025-05-22,2,CARTOLINE,5.0,STRADA (passanti),Strada (passanti),2025-05,2025,3
GIORNALIERA_MAGGIO_2025_8418.pdf,2025-05-22,3,CARTOLINE,1.0,STRADA (passanti),Strada (passanti),2025-05,2025,3
GIORNALIERA_MAGGIO_2025_8418.pdf,2025-05-22,1,GADGET,8.0,STRADA (passanti),Strada (passanti),2025-05,2025,3
GIORNALIERA_MAGGIO_2025_8418.pdf,2025-05-22,3,CARTOLINE,2.0,STRADA (passanti),Strada (passanti),2025-05,2025,3
GIORNALIERA_MAGGIO_2025_8418.pdf,2025-05-22,1,VARIE,7.0,STRADA (passanti),Strada (passanti),2025-05,2025,3
GIORNALIERA_MAGGIO_2025_8418.pdf,2025-05-22,2,VARIE,30.0,STRADA (passanti),Strada (passanti),2025-05,2025,3
GIORNALIERA_MAGGIO_2025_8418.pdf,2025-05-22,3,VARIE,10.0,STRADA (passanti),Strada (passanti),2025-05,2025,3
GIORNALIERA_MAGGIO_2025_8418.pdf,2025-05-23,2,CARTOLINE,6.0,STRADA (passanti),Strada (passanti),2025-05,2025,4
GIORNALIERA_MAGGIO_2025_8418.pdf,2025-05-23,2,SEGNALIBRI,6.0,STRADA (passanti),Strada (passanti),2025-05,2025,4
GIORNALIERA_MAGGIO_2025_8418.pdf,2025-05-23,4,ESPERIENZA,40.0,STRADA (passanti),Strada (passanti),2025-05,2025,4
GIORNALIERA_MAGGIO_2025_8418.pdf,2025-05-23,1,CARTOLINE,5.0,STRADA (passanti),Strada (passanti),2025-05,2025,4
GIORNALIERA_MAGGIO_2025_8418.pdf,2025-05-24,1,CARTOLERIA,22.0,STRADA (passanti),Strada (passanti),2025-05,2025,5
GIORNALIERA_MAGGIO_2025_8418.pdf,2025-05-24,1,CARTOLERIA,3.0,STRADA (passanti),Strada (passanti),2025-05,2025,5
GIORNALIERA_MAGGIO_2025_8418.pdf,2025-05-25,1,CARTOLERIA,7.0,STRADA (passanti),Strada (passanti),2025-05,2025,6
GIORNALIERA_MAGGIO_2025_8418.pdf,2025-05-25,2,GADGET,21.0,STRADA (passanti),Strada (passanti),2025-05,2025,6
GIORNALIERA_MAGGIO_2025_8418.pdf,2025-05-25,2,GADGET,8.0,STRADA (passanti),Strada (passanti),2025-05,2025,6
GIORNALIERA_MAGGIO_2025_8418.pdf,2025-05-25,4,CARTOLERIA,10.0,STRADA (passanti),Strada (passanti),2025-05,2025,6
GIORNALIERA_MAGGIO_2025_8418.pdf,2025-05-25,1,CARTOLERIA,10.0,STRADA (passanti),Strada (passanti),2025-05,2025,6
GIORNALIERA_MAGGIO_2025_8418.pdf,2025-05-26,2,ESPERIENZA,20.0,STRADA (passanti),Strada (passanti),2025-05,2025,0
GIORNALIERA_MAGGIO_2025_8418.pdf,2025-05-26,2,VARIE,28.0,STRADA (passanti),Strada (passanti),2025-05,2025,0
GIORNALIERA_MAGGIO_2025_8418.pdf,2025-05-26,1,POSTER,4.5,STRADA (passanti),Strada (passanti),2025-05,2025,0
GIORNALIERA_MAGGIO_2025_8418.pdf,2025-05-27,2,VARIE,50.0,STRADA (passanti),Strada (passanti),2025-05,2025,1
GIORNALIERA_MAGGIO_2025_8418.pdf,2025-05-27,2,VARIE,6.0,STRADA (passanti),Strada (passanti),2025-05,2025,1
GIORNALIERA_MAGGIO_2025_8418.pdf,2025-05-27,2,VARIE,7.5,STRADA (passanti),Strada (passanti),2025-05,2025,1
GIORNALIERA_MAGGIO_2025_8418.pdf,2025-05-28,2,CARTOLINE,2.0,STRADA (passanti),Strada (passanti),2025-05,2025,2
GIORNALIERA_MAGGIO_2025_8418.pdf,2025-05-28,5,VARIE,21.0,STRADA (passanti),Strada (passanti),2025-05,2025,2
GIORNALIERA_MAGGIO_2025_8418.pdf,2025-05-28,4,VARIE,67.0,STRADA (passanti),Strada (passanti),2025-05,2025,2
GIORNALIERA_MAGGIO_2025_8418.pdf,2025-05-29,4,CARTOLINE,5.0,STRADA (passanti),Strada (passanti),2025-05,2025,3
GIORNALIERA_MAGGIO_2025_8418.pdf,2025-05-30,4,VARIE,14.0,STRADA (passanti),Strada (passanti),2025-05,2025,4
GIORNALIERA_MAGGIO_2025_8418.pdf,2025-05-30,3,CARTOLINE,5.0,STRADA (passanti),Strada (passanti),2025-05,2025,4
GIORNALIERA_MAGGIO_2025_8418.pdf,2025-05-31,5,ESPERIENZA,89.5,STRADA (passanti),Strada (passanti),2025-05,2025,5
GIORNALIERA_MAGGIO_2025_8418.pdf,2025-05-31,1,CARTOLINE,3.0,STRADA (passanti),Strada (passanti),2025-05,2025,5
GIORNALIERA_MAGGIO_2025_8418.pdf,2025-05-31,1,CARTOLINE,1.0,STRADA (passanti),Strada (passanti),2025-05,2025,5
GIORNALIERA_MAGGIO_2025_8418.pdf,2025-05-31,2,VARIE,12.5,STRADA (passanti),Strada (passanti),2025-05,2025,5
GIORNALIERA_MAGGIO_2026_9fc1.pdf,2026-05-01,2,GADGET,4.0,STRADA (passanti),Strada (passanti),2026-05,2026,4
GIORNALIERA_MAGGIO_2026_9fc1.pdf,2026-05-01,1,CARTOLINE,3.0,STRADA (passanti),Strada (passanti),2026-05,2026,4
GIORNALIERA_MAGGIO_2026_9fc1.pdf,2026-05-01,2,VARIE,36.1,STRADA (passanti),Strada (passanti),2026-05,2026,4
GIORNALIERA_MAGGIO_2026_9fc1.pdf,2026-05-01,1,VARIE,67.5,STRADA (passanti),Strada (passanti),2026-05,2026,4
GIORNALIERA_MAGGIO_2026_9fc1.pdf,2026-05-02,2,ESPERIENZA,20.0,STRADA (passanti),Strada (passanti),2026-05,2026,5
GIORNALIERA_MAGGIO_2026_9fc1.pdf,2026-05-04,1,VARIE,7.0,STRADA (passanti),Strada (passanti),2026-05,2026,0
GIORNALIERA_MAGGIO_2026_9fc1.pdf,2026-05-04,2,VARIE,20.0,STRADA (passanti),Strada (passanti),2026-05,2026,0
GIORNALIERA_MAGGIO_2026_9fc1.pdf,2026-05-05,1,CARTOLINE,1.0,STRADA (passanti),Strada (passanti),2026-05,2026,1
GIORNALIERA_MAGGIO_2026_9fc1.pdf,2026-05-06,2,VARIE,21.6,STRADA (passanti),Strada (passanti),2026-05,2026,2
GIORNALIERA_MAGGIO_2026_9fc1.pdf,2026-05-06,1,VARIE,4.0,STRADA (passanti),Strada (passanti),2026-05,2026,2
GIORNALIERA_MAGGIO_2026_9fc1.pdf,2026-05-07,1,VARIE,8.1,STRADA (passanti),Strada (passanti),2026-05,2026,3
GIORNALIERA_MAGGIO_2026_9fc1.pdf,2026-05-07,1,VARIE,9.0,STRADA (passanti),Strada (passanti),2026-05,2026,3
GIORNALIERA_MAGGIO_2026_9fc1.pdf,2026-05-07,1,VARIE,12.0,STRADA (passanti),Strada (passanti),2026-05,2026,3
GIORNALIERA_MAGGIO_2026_9fc1.pdf,2026-05-07,1,GONDOLE,12.0,STRADA (passanti),Strada (passanti),2026-05,2026,3
GIORNALIERA_MAGGIO_2026_9fc1.pdf,2026-05-11,2,VARIE,20.0,STRADA (passanti),Strada (passanti),2026-05,2026,0
GIORNALIERA_MAGGIO_2026_9fc1.pdf,2026-05-11,1,CARTOLINE,2.0,STRADA (passanti),Strada (passanti),2026-05,2026,0
GIORNALIERA_MAGGIO_2026_9fc1.pdf,2026-05-11,1,CARTOLINE,2.0,STRADA (passanti),Strada (passanti),2026-05,2026,0
GIORNALIERA_MAGGIO_2026_9fc1.pdf,2026-05-11,1,VARIE,8.0,STRADA (passanti),Strada (passanti),2026-05,2026,0
GIORNALIERA_MAGGIO_2026_9fc1.pdf,2026-05-11,1,VARIE,8.4,STRADA (passanti),Strada (passanti),2026-05,2026,0
GIORNALIERA_MAGGIO_2026_9fc1.pdf,2026-05-12,2,VARIE,52.0,STRADA (passanti),Strada (passanti),2026-05,2026,1
GIORNALIERA_MAGGIO_2026_9fc1.pdf,2026-05-13,1,VARIE,5.0,STRADA (passanti),Strada (passanti),2026-05,2026,2
GIORNALIERA_MAGGIO_2026_9fc1.pdf,2026-05-13,1,VARIE,4.0,STRADA (passanti),Strada (passanti),2026-05,2026,2
GIORNALIERA_MAGGIO_2026_9fc1.pdf,2026-05-13,1,SEGNALIBRI,1.0,STRADA (passanti),Strada (passanti),2026-05,2026,2
GIORNALIERA_MAGGIO_2026_9fc1.pdf,2026-05-13,1,VARIE,4.0,STRADA (passanti),Strada (passanti),2026-05,2026,2
GIORNALIERA_MAGGIO_2026_9fc1.pdf,2026-05-13,1,GONDOLE,9.0,STRADA (passanti),Strada (passanti),2026-05,2026,2
GIORNALIERA_MAGGIO_2026_9fc1.pdf,2026-05-13,1,VARIE,3.0,STRADA (passanti),Strada (passanti),2026-05,2026,2
GIORNALIERA_MAGGIO_2026_9fc1.pdf,2026-05-13,1,EDITORIA/LIBRI,10.0,STRADA (passanti),Strada (passanti),2026-05,2026,2
GIORNALIERA_MAGGIO_2026_9fc1.pdf,2026-05-13,1,GONDOLE,7.2,STRADA (passanti),Strada (passanti),2026-05,2026,2
GIORNALIERA_MAGGIO_2026_9fc1.pdf,2026-05-14,1,EDITORIA/LIBRI,10.0,STRADA (passanti),Strada (passanti),2026-05,2026,3
GIORNALIERA_MAGGIO_2026_9fc1.pdf,2026-05-14,1,VARIE,25.0,STRADA (passanti),Strada (passanti),2026-05,2026,3
GIORNALIERA_MAGGIO_2026_9fc1.pdf,2026-05-14,1,VARIE,5.4,STRADA (passanti),Strada (passanti),2026-05,2026,3
GIORNALIERA_MAGGIO_2026_9fc1.pdf,2026-05-14,1,SEGNALIBRI,18.0,STRADA (passanti),Strada (passanti),2026-05,2026,3
GIORNALIERA_MAGGIO_2026_9fc1.pdf,2026-05-14,1,VARIE,17.0,STRADA (passanti),Strada (passanti),2026-05,2026,3
GIORNALIERA_MAGGIO_2026_9fc1.pdf,2026-05-15,1,EDITORIA/LIBRI,21.2,STRADA (passanti),Strada (passanti),2026-05,2026,4
GIORNALIERA_MAGGIO_2026_9fc1.pdf,2026-05-15,1,VARIE,8.0,STRADA (passanti),Strada (passanti),2026-05,2026,4
GIORNALIERA_MAGGIO_2026_9fc1.pdf,2026-05-15,1,CARTOLINE,2.0,STRADA (passanti),Strada (passanti),2026-05,2026,4
GIORNALIERA_MAGGIO_2026_9fc1.pdf,2026-05-15,3,VARIE,24.0,STRADA (passanti),Strada (passanti),2026-05,2026,4
GIORNALIERA_MAGGIO_2026_9fc1.pdf,2026-05-15,3,VARIE,36.72,STRADA (passanti),Strada (passanti),2026-05,2026,4
GIORNALIERA_MAGGIO_2026_9fc1.pdf,2026-05-18,1,CARTOLINE,5.0,STRADA (passanti),Strada (passanti),2026-05,2026,0
GIORNALIERA_MAGGIO_2026_9fc1.pdf,2026-05-18,1,VARIE,6.0,STRADA (passanti),Strada (passanti),2026-05,2026,0
GIORNALIERA_MAGGIO_2026_9fc1.pdf,2026-05-18,1,VARIE,3.0,STRADA (passanti),Strada (passanti),2026-05,2026,0
GIORNALIERA_MAGGIO_2026_9fc1.pdf,2026-05-18,1,EDITORIA/LIBRI,10.0,STRADA (passanti),Strada (passanti),2026-05,2026,0
GIORNALIERA_MAGGIO_2026_9fc1.pdf,2026-05-19,2,CARTOLINE,2.0,STRADA (passanti),Strada (passanti),2026-05,2026,1
GIORNALIERA_MAGGIO_2026_9fc1.pdf,2026-05-19,1,EDITORIA/LIBRI,12.0,STRADA (passanti),Strada (passanti),2026-05,2026,1
GIORNALIERA_MAGGIO_2026_9fc1.pdf,2026-05-20,1,VARIE,18.0,STRADA (passanti),Strada (passanti),2026-05,2026,2
GIORNALIERA_MAGGIO_2026_9fc1.pdf,2026-05-20,1,VARIE,8.0,STRADA (passanti),Strada (passanti),2026-05,2026,2
GIORNALIERA_MAGGIO_2026_9fc1.pdf,2026-05-20,1,CARTOLINE,7.0,STRADA (passanti),Strada (passanti),2026-05,2026,2
GIORNALIERA_MAGGIO_2026_9fc1.pdf,2026-05-21,1,CARTOLERIA,4.5,STRADA (passanti),Strada (passanti),2026-05,2026,3
GIORNALIERA_MAGGIO_2026_9fc1.pdf,2026-05-21,1,VARIE,67.8,STRADA (passanti),Strada (passanti),2026-05,2026,3
GIORNALIERA_MAGGIO_2026_9fc1.pdf,2026-05-22,1,VARIE,4.0,STRADA (passanti),Strada (passanti),2026-05,2026,4
GIORNALIERA_MAGGIO_2026_9fc1.pdf,2026-05-22,1,VARIE,12.6,STRADA (passanti),Strada (passanti),2026-05,2026,4
GIORNALIERA_MAGGIO_2026_9fc1.pdf,2026-05-24,2,ESPERIENZA,18.0,STRADA (passanti),Strada (passanti),2026-05,2026,6
GIORNALIERA_MAGGIO_2026_9fc1.pdf,2026-05-25,2,VARIE,25.0,STRADA (passanti),Strada (passanti),2026-05,2026,0
GIORNALIERA_MAGGIO_2026_9fc1.pdf,2026-05-25,1,VARIE,10.0,STRADA (passanti),Strada (passanti),2026-05,2026,0
GIORNALIERA_MAGGIO_2026_9fc1.pdf,2026-05-27,1,CARTOLINE,5.0,STRADA (passanti),Strada (passanti),2026-05,2026,2
GIORNALIERA_MAGGIO_2026_9fc1.pdf,2026-05-27,1,VARIE,5.4,STRADA (passanti),Strada (passanti),2026-05,2026,2
GIORNALIERA_MAGGIO_2026_9fc1.pdf,2026-05-27,1,VARIE,12.0,STRADA (passanti),Strada (passanti),2026-05,2026,2
GIORNALIERA_MAGGIO_2026_9fc1.pdf,2026-05-27,1,VARIE,6.0,STRADA (passanti),Strada (passanti),2026-05,2026,2
GIORNALIERA_MAGGIO_2026_9fc1.pdf,2026-05-27,1,VARIE,3.6,STRADA (passanti),Strada (passanti),2026-05,2026,2
GIORNALIERA_MAGGIO_2026_9fc1.pdf,2026-05-28,1,VARIE,43.0,STRADA (passanti),Strada (passanti),2026-05,2026,3
GIORNALIERA_MAGGIO_2026_9fc1.pdf,2026-05-28,1,CARTOLINE,5.0,STRADA (passanti),Strada (passanti),2026-05,2026,3
GIORNALIERA_MAGGIO_2026_9fc1.pdf,2026-05-29,1,VARIE,6.0,STRADA (passanti),Strada (passanti),2026-05,2026,4
GIORNALIERA_MAGGIO_2026_9fc1.pdf,2026-05-29,1,VARIE,17.1,STRADA (passanti),Strada (passanti),2026-05,2026,4
GIORNALIERA_MAGGIO_2026_9fc1.pdf,2026-05-29,1,VARIE,16.2,STRADA (passanti),Strada (passanti),2026-05,2026,4
GIORNALIERA_MAGGIO_2026_9fc1.pdf,2026-05-29,1,EDITORIA/LIBRI,25.0,STRADA (passanti),Strada (passanti),2026-05,2026,4
GIORNALIERA_MARZO_2025___29b8.pdf,2025-03-01,1,POSTER,4.5,STRADA (passanti),Strada (passanti),2025-03,2025,5
GIORNALIERA_MARZO_2025___29b8.pdf,2025-03-01,1,CARTOLERIA,3.5,STRADA (passanti),Strada (passanti),2025-03,2025,5
GIORNALIERA_MARZO_2025___29b8.pdf,2025-03-01,2,CALAMITE,4.0,STRADA (passanti),Strada (passanti),2025-03,2025,5
GIORNALIERA_MARZO_2025___29b8.pdf,2025-03-01,1,GADGET,3.0,STRADA (passanti),Strada (passanti),2025-03,2025,5
GIORNALIERA_MARZO_2025___29b8.pdf,2025-03-01,2,CARTOLERIA,6.0,STRADA (passanti),Strada (passanti),2025-03,2025,5
GIORNALIERA_MARZO_2025___29b8.pdf,2025-03-03,2,CALAMITE,10.0,STRADA (passanti),Strada (passanti),2025-03,2025,0
GIORNALIERA_MARZO_2025___29b8.pdf,2025-03-04,2,POSTER,3.0,STRADA (passanti),Strada (passanti),2025-03,2025,1
GIORNALIERA_MARZO_2025___29b8.pdf,2025-03-04,3,VARIE,8.0,STRADA (passanti),Strada (passanti),2025-03,2025,1
GIORNALIERA_MARZO_2025___29b8.pdf,2025-03-04,2,SEGNALIBRI,6.0,STRADA (passanti),Strada (passanti),2025-03,2025,1
GIORNALIERA_MARZO_2025___29b8.pdf,2025-03-04,2,GADGET,10.0,STRADA (passanti),Strada (passanti),2025-03,2025,1
GIORNALIERA_MARZO_2025___29b8.pdf,2025-03-05,4,ALTRO,16.0,STRADA (passanti),Strada (passanti),2025-03,2025,2
GIORNALIERA_MARZO_2025___29b8.pdf,2025-03-05,3,CARTOLINE,15.0,STRADA (passanti),Strada (passanti),2025-03,2025,2
GIORNALIERA_MARZO_2025___29b8.pdf,2025-03-06,1,VARIE,61.0,STRADA (passanti),Strada (passanti),2025-03,2025,3
GIORNALIERA_MARZO_2025___29b8.pdf,2025-03-06,1,SEGNALIBRI,6.0,STRADA (passanti),Strada (passanti),2025-03,2025,3
GIORNALIERA_MARZO_2025___29b8.pdf,2025-03-07,1,CARTOLINE,10.0,STRADA (passanti),Strada (passanti),2025-03,2025,4
GIORNALIERA_MARZO_2025___29b8.pdf,2025-03-07,1,SEGNALIBRI,1.7,STRADA (passanti),Strada (passanti),2025-03,2025,4
GIORNALIERA_MARZO_2025___29b8.pdf,2025-03-08,2,CARTOLINE,3.0,STRADA (passanti),Strada (passanti),2025-03,2025,5
GIORNALIERA_MARZO_2025___29b8.pdf,2025-03-08,2,CARTOLINE,2.0,STRADA (passanti),Strada (passanti),2025-03,2025,5
GIORNALIERA_MARZO_2025___29b8.pdf,2025-03-08,2,ALTRO,38.0,STRADA (passanti),Strada (passanti),2025-03,2025,5
GIORNALIERA_MARZO_2025___29b8.pdf,2025-03-08,2,VARIE,8.5,STRADA (passanti),Strada (passanti),2025-03,2025,5
GIORNALIERA_MARZO_2025___29b8.pdf,2025-03-08,1,GADGET,6.0,STRADA (passanti),Strada (passanti),2025-03,2025,5
GIORNALIERA_MARZO_2025___29b8.pdf,2025-03-09,1,EDITORIA/LIBRI,12.0,STRADA (passanti),Strada (passanti),2025-03,2025,6
GIORNALIERA_MARZO_2025___29b8.pdf,2025-03-09,1,EDITORIA/LIBRI,10.0,STRADA (passanti),Strada (passanti),2025-03,2025,6
GIORNALIERA_MARZO_2025___29b8.pdf,2025-03-10,2,CARTOLINE,5.0,STRADA (passanti),Strada (passanti),2025-03,2025,0
GIORNALIERA_MARZO_2025___29b8.pdf,2025-03-10,2,ESPERIENZA,20.0,STRADA (passanti),Strada (passanti),2025-03,2025,0
GIORNALIERA_MARZO_2025___29b8.pdf,2025-03-10,3,VARIE,4.0,STRADA (passanti),Strada (passanti),2025-03,2025,0
GIORNALIERA_MARZO_2025___29b8.pdf,2025-03-10,1,CARTOLINE,1.0,STRADA (passanti),Strada (passanti),2025-03,2025,0
GIORNALIERA_MARZO_2025___29b8.pdf,2025-03-11,2,VARIE,8.5,STRADA (passanti),Strada (passanti),2025-03,2025,1
GIORNALIERA_MARZO_2025___29b8.pdf,2025-03-12,2,CALAMITE,10.0,STRADA (passanti),Strada (passanti),2025-03,2025,2
GIORNALIERA_MARZO_2025___29b8.pdf,2025-03-12,2,CARTOLINE,2.0,STRADA (passanti),Strada (passanti),2025-03,2025,2
GIORNALIERA_MARZO_2025___29b8.pdf,2025-03-14,1,ALTRO,4.5,STRADA (passanti),Strada (passanti),2025-03,2025,4
GIORNALIERA_MARZO_2025___29b8.pdf,2025-03-14,4,VARIE,18.0,STRADA (passanti),Strada (passanti),2025-03,2025,4
GIORNALIERA_MARZO_2025___29b8.pdf,2025-03-14,2,CARTOLINE,2.0,STRADA (passanti),Strada (passanti),2025-03,2025,4
GIORNALIERA_MARZO_2025___29b8.pdf,2025-03-14,2,VARIE,10.0,STRADA (passanti),Strada (passanti),2025-03,2025,4
GIORNALIERA_MARZO_2025___29b8.pdf,2025-03-16,3,CARTOLINE,1.0,STRADA (passanti),Strada (passanti),2025-03,2025,6
GIORNALIERA_MARZO_2025___29b8.pdf,2025-03-16,1,CARTOLINE,10.0,STRADA (passanti),Strada (passanti),2025-03,2025,6
GIORNALIERA_MARZO_2025___29b8.pdf,2025-03-16,3,SEGNALIBRI,6.0,STRADA (passanti),Strada (passanti),2025-03,2025,6
GIORNALIERA_MARZO_2025___29b8.pdf,2025-03-16,1,CARTOLINE,1.5,STRADA (passanti),Strada (passanti),2025-03,2025,6
GIORNALIERA_MARZO_2025___29b8.pdf,2025-03-17,5,VARIE,9.0,STRADA (passanti),Strada (passanti),2025-03,2025,0
GIORNALIERA_MARZO_2025___29b8.pdf,2025-03-17,2,POSTER,13.5,STRADA (passanti),Strada (passanti),2025-03,2025,0
GIORNALIERA_MARZO_2025___29b8.pdf,2025-03-20,2,VARIE,30.0,STRADA (passanti),Strada (passanti),2025-03,2025,3
GIORNALIERA_MARZO_2025___29b8.pdf,2025-03-21,4,ESPERIENZA,38.0,STRADA (passanti),Strada (passanti),2025-03,2025,4
GIORNALIERA_MARZO_2025___29b8.pdf,2025-03-21,2,SEGNALIBRI,19.0,STRADA (passanti),Strada (passanti),2025-03,2025,4
GIORNALIERA_MARZO_2025___29b8.pdf,2025-03-22,1,ESPERIENZA,10.0,STRADA (passanti),Strada (passanti),2025-03,2025,5
GIORNALIERA_MARZO_2025___29b8.pdf,2025-03-23,4,CARTOLINE,6.0,STRADA (passanti),Strada (passanti),2025-03,2025,6
GIORNALIERA_MARZO_2025___29b8.pdf,2025-03-25,1,VARIE,16.0,STRADA (passanti),Strada (passanti),2025-03,2025,1
GIORNALIERA_MARZO_2025___29b8.pdf,2025-03-25,3,ESPERIENZA,30.0,STRADA (passanti),Strada (passanti),2025-03,2025,1
GIORNALIERA_MARZO_2025___29b8.pdf,2025-03-25,2,ESPERIENZA,20.0,STRADA (passanti),Strada (passanti),2025-03,2025,1
GIORNALIERA_MARZO_2025___29b8.pdf,2025-03-26,2,EDITORIA/LIBRI,10.0,STRADA (passanti),Strada (passanti),2025-03,2025,2
GIORNALIERA_MARZO_2025___29b8.pdf,2025-03-26,2,SEGNALIBRI,6.0,STRADA (passanti),Strada (passanti),2025-03,2025,2
GIORNALIERA_MARZO_2025___29b8.pdf,2025-03-26,2,VARIE,22.0,STRADA (passanti),Strada (passanti),2025-03,2025,2
GIORNALIERA_MARZO_2025___29b8.pdf,2025-03-26,2,VARIE,7.5,STRADA (passanti),Strada (passanti),2025-03,2025,2
GIORNALIERA_MARZO_2025___29b8.pdf,2025-03-27,2,POSTER,6.0,STRADA (passanti),Strada (passanti),2025-03,2025,3
GIORNALIERA_MARZO_2025___29b8.pdf,2025-03-28,2,CARTOLINE,5.0,STRADA (passanti),Strada (passanti),2025-03,2025,4
GIORNALIERA_MARZO_2025___29b8.pdf,2025-03-29,1,ESPERIENZA,10.0,STRADA (passanti),Strada (passanti),2025-03,2025,5
GIORNALIERA_MARZO_2025___29b8.pdf,2025-03-30,1,VARIE,7.5,STRADA (passanti),Strada (passanti),2025-03,2025,6
GIORNALIERA_MARZO_2025___29b8.pdf,2025-03-31,5,ESPERIENZA,48.0,STRADA (passanti),Strada (passanti),2025-03,2025,0
GIORNALIERA_MARZO_2026_01f2.pdf,2026-03-01,1,GADGET,8.0,STRADA (passanti),Strada (passanti),2026-03,2026,6
GIORNALIERA_MARZO_2026_01f2.pdf,2026-03-01,4,CARTOLINE,5.0,STRADA (passanti),Strada (passanti),2026-03,2026,6
GIORNALIERA_MARZO_2026_01f2.pdf,2026-03-01,2,CARTOLINE,3.0,STRADA (passanti),Strada (passanti),2026-03,2026,6
GIORNALIERA_MARZO_2026_01f2.pdf,2026-03-02,2,SEGNALIBRI,12.0,STRADA (passanti),Strada (passanti),2026-03,2026,0
GIORNALIERA_MARZO_2026_01f2.pdf,2026-03-02,1,CARTOLINE,1.0,STRADA (passanti),Strada (passanti),2026-03,2026,0
GIORNALIERA_MARZO_2026_01f2.pdf,2026-03-02,1,VARIE,14.0,STRADA (passanti),Strada (passanti),2026-03,2026,0
GIORNALIERA_MARZO_2026_01f2.pdf,2026-03-02,1,GONDOLE,9.0,STRADA (passanti),Strada (passanti),2026-03,2026,0
GIORNALIERA_MARZO_2026_01f2.pdf,2026-03-02,1,VARIE,6.0,STRADA (passanti),Strada (passanti),2026-03,2026,0
GIORNALIERA_MARZO_2026_01f2.pdf,2026-03-03,1,VARIE,44.0,STRADA (passanti),Strada (passanti),2026-03,2026,1
GIORNALIERA_MARZO_2026_01f2.pdf,2026-03-03,1,VARIE,31.0,STRADA (passanti),Strada (passanti),2026-03,2026,1
GIORNALIERA_MARZO_2026_01f2.pdf,2026-03-03,1,VARIE,4.0,STRADA (passanti),Strada (passanti),2026-03,2026,1
GIORNALIERA_MARZO_2026_01f2.pdf,2026-03-03,1,VARIE,11.0,STRADA (passanti),Strada (passanti),2026-03,2026,1
GIORNALIERA_MARZO_2026_01f2.pdf,2026-03-03,1,VARIE,9.0,STRADA (passanti),Strada (passanti),2026-03,2026,1
GIORNALIERA_MARZO_2026_01f2.pdf,2026-03-05,1,VARIE,29.0,STRADA (passanti),Strada (passanti),2026-03,2026,3
GIORNALIERA_MARZO_2026_01f2.pdf,2026-03-05,1,SEGNALIBRI,1.0,STRADA (passanti),Strada (passanti),2026-03,2026,3
GIORNALIERA_MARZO_2026_01f2.pdf,2026-03-05,2,VARIE,20.0,STRADA (passanti),Strada (passanti),2026-03,2026,3
GIORNALIERA_MARZO_2026_01f2.pdf,2026-03-06,2,VARIE,25.0,STRADA (passanti),Strada (passanti),2026-03,2026,4
GIORNALIERA_MARZO_2026_01f2.pdf,2026-03-06,2,VARIE,8.0,STRADA (passanti),Strada (passanti),2026-03,2026,4
GIORNALIERA_MARZO_2026_01f2.pdf,2026-03-06,2,CARTOLINE,5.0,STRADA (passanti),Strada (passanti),2026-03,2026,4
GIORNALIERA_MARZO_2026_01f2.pdf,2026-03-06,1,CARTOLINE,3.0,STRADA (passanti),Strada (passanti),2026-03,2026,4
GIORNALIERA_MARZO_2026_01f2.pdf,2026-03-07,4,VARIE,19.1,STRADA (passanti),Strada (passanti),2026-03,2026,5
GIORNALIERA_MARZO_2026_01f2.pdf,2026-03-07,1,CARTOLINE,5.0,STRADA (passanti),Strada (passanti),2026-03,2026,5
GIORNALIERA_MARZO_2026_01f2.pdf,2026-03-07,1,EDITORIA/LIBRI,12.6,STRADA (passanti),Strada (passanti),2026-03,2026,5
GIORNALIERA_MARZO_2026_01f2.pdf,2026-03-08,2,CARTOLINE,2.5,STRADA (passanti),Strada (passanti),2026-03,2026,6
GIORNALIERA_MARZO_2026_01f2.pdf,2026-03-08,2,ESPERIENZA,20.0,STRADA (passanti),Strada (passanti),2026-03,2026,6
GIORNALIERA_MARZO_2026_01f2.pdf,2026-03-09,1,VARIE,10.5,STRADA (passanti),Strada (passanti),2026-03,2026,0
GIORNALIERA_MARZO_2026_01f2.pdf,2026-03-09,1,CARTOLINE,5.0,STRADA (passanti),Strada (passanti),2026-03,2026,0
GIORNALIERA_MARZO_2026_01f2.pdf,2026-03-09,1,VARIE,4.5,STRADA (passanti),Strada (passanti),2026-03,2026,0
GIORNALIERA_MARZO_2026_01f2.pdf,2026-03-09,1,VARIE,4.0,STRADA (passanti),Strada (passanti),2026-03,2026,0
GIORNALIERA_MARZO_2026_01f2.pdf,2026-03-10,1,EDITORIA/LIBRI,22.0,STRADA (passanti),Strada (passanti),2026-03,2026,1
GIORNALIERA_MARZO_2026_01f2.pdf,2026-03-10,2,VARIE,27.0,STRADA (passanti),Strada (passanti),2026-03,2026,1
GIORNALIERA_MARZO_2026_01f2.pdf,2026-03-10,1,GONDOLE,12.0,STRADA (passanti),Strada (passanti),2026-03,2026,1
GIORNALIERA_MARZO_2026_01f2.pdf,2026-03-10,2,SEGNALIBRI,2.0,STRADA (passanti),Strada (passanti),2026-03,2026,1
GIORNALIERA_MARZO_2026_01f2.pdf,2026-03-10,1,VARIE,5.5,STRADA (passanti),Strada (passanti),2026-03,2026,1
GIORNALIERA_MARZO_2026_01f2.pdf,2026-03-10,1,SEGNALIBRI,1.0,STRADA (passanti),Strada (passanti),2026-03,2026,1
GIORNALIERA_MARZO_2026_01f2.pdf,2026-03-11,1,VARIE,4.0,STRADA (passanti),Strada (passanti),2026-03,2026,2
GIORNALIERA_MARZO_2026_01f2.pdf,2026-03-11,2,VARIE,3.0,STRADA (passanti),Strada (passanti),2026-03,2026,2
GIORNALIERA_MARZO_2026_01f2.pdf,2026-03-11,2,VARIE,3.0,STRADA (passanti),Strada (passanti),2026-03,2026,2
GIORNALIERA_MARZO_2026_01f2.pdf,2026-03-11,1,VARIE,5.5,STRADA (passanti),Strada (passanti),2026-03,2026,2
GIORNALIERA_MARZO_2026_01f2.pdf,2026-03-11,2,SEGNALIBRI,12.0,STRADA (passanti),Strada (passanti),2026-03,2026,2
GIORNALIERA_MARZO_2026_01f2.pdf,2026-03-12,2,VARIE,20.0,STRADA (passanti),Strada (passanti),2026-03,2026,3
GIORNALIERA_MARZO_2026_01f2.pdf,2026-03-12,1,CARTOLINE,1.0,STRADA (passanti),Strada (passanti),2026-03,2026,3
GIORNALIERA_MARZO_2026_01f2.pdf,2026-03-13,2,VARIE,10.0,STRADA (passanti),Strada (passanti),2026-03,2026,4
GIORNALIERA_MARZO_2026_01f2.pdf,2026-03-13,1,CARTOLINE,1.0,STRADA (passanti),Strada (passanti),2026-03,2026,4
GIORNALIERA_MARZO_2026_01f2.pdf,2026-03-13,1,CARTOLERIA,7.0,STRADA (passanti),Strada (passanti),2026-03,2026,4
GIORNALIERA_MARZO_2026_01f2.pdf,2026-03-13,1,VARIE,5.5,STRADA (passanti),Strada (passanti),2026-03,2026,4
GIORNALIERA_MARZO_2026_01f2.pdf,2026-03-13,2,VARIE,25.2,STRADA (passanti),Strada (passanti),2026-03,2026,4
GIORNALIERA_MARZO_2026_01f2.pdf,2026-03-15,1,EDITORIA/LIBRI,10.0,STRADA (passanti),Strada (passanti),2026-03,2026,6
GIORNALIERA_MARZO_2026_01f2.pdf,2026-03-15,1,EDITORIA/LIBRI,10.0,STRADA (passanti),Strada (passanti),2026-03,2026,6
GIORNALIERA_MARZO_2026_01f2.pdf,2026-03-16,1,VARIE,3.0,STRADA (passanti),Strada (passanti),2026-03,2026,0
GIORNALIERA_MARZO_2026_01f2.pdf,2026-03-16,2,CARTOLINE,6.0,STRADA (passanti),Strada (passanti),2026-03,2026,0
GIORNALIERA_MARZO_2026_01f2.pdf,2026-03-16,1,CARTOLINE,3.0,STRADA (passanti),Strada (passanti),2026-03,2026,0
GIORNALIERA_MARZO_2026_01f2.pdf,2026-03-17,1,EDITORIA/LIBRI,14.0,STRADA (passanti),Strada (passanti),2026-03,2026,1
GIORNALIERA_MARZO_2026_01f2.pdf,2026-03-17,1,CARTOLINE,1.0,STRADA (passanti),Strada (passanti),2026-03,2026,1
GIORNALIERA_MARZO_2026_01f2.pdf,2026-03-17,1,VARIE,2.0,STRADA (passanti),Strada (passanti),2026-03,2026,1
GIORNALIERA_MARZO_2026_01f2.pdf,2026-03-17,1,CARTOLINE,5.0,STRADA (passanti),Strada (passanti),2026-03,2026,1
GIORNALIERA_MARZO_2026_01f2.pdf,2026-03-17,1,CARTOLINE,1.0,STRADA (passanti),Strada (passanti),2026-03,2026,1
GIORNALIERA_MARZO_2026_01f2.pdf,2026-03-18,1,CARTOLINE,5.0,STRADA (passanti),Strada (passanti),2026-03,2026,2
GIORNALIERA_MARZO_2026_01f2.pdf,2026-03-18,1,VARIE,5.4,STRADA (passanti),Strada (passanti),2026-03,2026,2
GIORNALIERA_MARZO_2026_01f2.pdf,2026-03-18,1,VARIE,56.0,STRADA (passanti),Strada (passanti),2026-03,2026,2
GIORNALIERA_MARZO_2026_01f2.pdf,2026-03-18,1,CARTOLINE,1.0,STRADA (passanti),Strada (passanti),2026-03,2026,2
GIORNALIERA_MARZO_2026_01f2.pdf,2026-03-19,2,CARTOLINE,1.5,STRADA (passanti),Strada (passanti),2026-03,2026,3
GIORNALIERA_MARZO_2026_01f2.pdf,2026-03-19,1,EDITORIA/LIBRI,19.0,STRADA (passanti),Strada (passanti),2026-03,2026,3
GIORNALIERA_MARZO_2026_01f2.pdf,2026-03-19,2,VARIE,26.0,STRADA (passanti),Strada (passanti),2026-03,2026,3
GIORNALIERA_MARZO_2026_01f2.pdf,2026-03-19,1,SEGNALIBRI,2.0,STRADA (passanti),Strada (passanti),2026-03,2026,3
GIORNALIERA_MARZO_2026_01f2.pdf,2026-03-20,1,CARTOLINE,3.0,STRADA (passanti),Strada (passanti),2026-03,2026,4
GIORNALIERA_MARZO_2026_01f2.pdf,2026-03-20,2,VARIE,4.0,STRADA (passanti),Strada (passanti),2026-03,2026,4
GIORNALIERA_MARZO_2026_01f2.pdf,2026-03-20,1,VARIE,21.0,STRADA (passanti),Strada (passanti),2026-03,2026,4
GIORNALIERA_MARZO_2026_01f2.pdf,2026-03-20,1,CARTOLINE,5.0,STRADA (passanti),Strada (passanti),2026-03,2026,4
GIORNALIERA_MARZO_2026_01f2.pdf,2026-03-22,1,GADGET,4.0,STRADA (passanti),Strada (passanti),2026-03,2026,6
GIORNALIERA_MARZO_2026_01f2.pdf,2026-03-22,1,CARTOLINE,3.0,STRADA (passanti),Strada (passanti),2026-03,2026,6
GIORNALIERA_MARZO_2026_01f2.pdf,2026-03-23,1,CARTOLINE,5.0,STRADA (passanti),Strada (passanti),2026-03,2026,0
GIORNALIERA_MARZO_2026_01f2.pdf,2026-03-23,2,VARIE,15.0,STRADA (passanti),Strada (passanti),2026-03,2026,0
GIORNALIERA_MARZO_2026_01f2.pdf,2026-03-23,1,CARTOLINE,1.0,STRADA (passanti),Strada (passanti),2026-03,2026,0
GIORNALIERA_MARZO_2026_01f2.pdf,2026-03-24,2,VARIE,80.9,STRADA (passanti),Strada (passanti),2026-03,2026,1
GIORNALIERA_MARZO_2026_01f2.pdf,2026-03-24,1,GONDOLE,21.0,STRADA (passanti),Strada (passanti),2026-03,2026,1
GIORNALIERA_MARZO_2026_01f2.pdf,2026-03-27,2,VARIE,30.0,STRADA (passanti),Strada (passanti),2026-03,2026,4
GIORNALIERA_MARZO_2026_01f2.pdf,2026-03-27,2,VARIE,5.0,STRADA (passanti),Strada (passanti),2026-03,2026,4
GIORNALIERA_MARZO_2026_01f2.pdf,2026-03-27,1,EDITORIA/LIBRI,15.0,STRADA (passanti),Strada (passanti),2026-03,2026,4
GIORNALIERA_MARZO_2026_01f2.pdf,2026-03-27,2,VARIE,30.8,STRADA (passanti),Strada (passanti),2026-03,2026,4
GIORNALIERA_MARZO_2026_01f2.pdf,2026-03-28,2,CARTOLINE,5.0,STRADA (passanti),Strada (passanti),2026-03,2026,5
GIORNALIERA_MARZO_2026_01f2.pdf,2026-03-29,1,SEGNALIBRI,3.0,STRADA (passanti),Strada (passanti),2026-03,2026,6
GIORNALIERA_MARZO_2026_01f2.pdf,2026-03-29,1,GONDOLE,18.0,STRADA (passanti),Strada (passanti),2026-03,2026,6
GIORNALIERA_MARZO_2026_01f2.pdf,2026-03-29,1,CARTOLINE,5.0,STRADA (passanti),Strada (passanti),2026-03,2026,6
GIORNALIERA_MARZO_2026_01f2.pdf,2026-03-29,1,CARTOLERIA,1.0,STRADA (passanti),Strada (passanti),2026-03,2026,6
GIORNALIERA_MARZO_2026_01f2.pdf,2026-03-30,1,CARTOLINE,1.0,STRADA (passanti),Strada (passanti),2026-03,2026,0
GIORNALIERA_MARZO_2026_01f2.pdf,2026-03-30,1,VARIE,9.0,STRADA (passanti),Strada (passanti),2026-03,2026,0
GIORNALIERA_MARZO_2026_01f2.pdf,2026-03-30,1,VARIE,4.0,STRADA (passanti),Strada (passanti),2026-03,2026,0
GIORNALIERA_MARZO_2026_01f2.pdf,2026-03-30,3,VARIE,30.0,STRADA (passanti),Strada (passanti),2026-03,2026,0
GIORNALIERA_MARZO_2026_01f2.pdf,2026-03-30,1,VARIE,6.0,STRADA (passanti),Strada (passanti),2026-03,2026,0
GIORNALIERA_MARZO_2026_01f2.pdf,2026-03-30,1,VARIE,6.0,STRADA (passanti),Strada (passanti),2026-03,2026,0
GIORNALIERA_MARZO_2026_01f2.pdf,2026-03-30,1,VARIE,20.0,STRADA (passanti),Strada (passanti),2026-03,2026,0
GIORNALIERA_MARZO_2026_01f2.pdf,2026-03-30,1,GONDOLE,7.2,STRADA (passanti),Strada (passanti),2026-03,2026,0
GIORNALIERA_MARZO_2026_01f2.pdf,2026-03-31,1,CARTOLINE,2.0,STRADA (passanti),Strada (passanti),2026-03,2026,1
GIORNALIERA_MARZO_2026_01f2.pdf,2026-03-31,1,VARIE,12.0,STRADA (passanti),Strada (passanti),2026-03,2026,1
GIORNALIERA_MARZO_2026_01f2.pdf,2026-03-31,1,SEGNALIBRI,3.0,STRADA (passanti),Strada (passanti),2026-03,2026,1
GIORNALIERA_NOVEMBRE_2025_b0b3.pdf,2025-11-01,3,VARIE,9.0,STRADA (passanti),Strada (passanti),2025-11,2025,5
GIORNALIERA_NOVEMBRE_2025_b0b3.pdf,2025-11-01,2,ESPERIENZA,20.0,STRADA (passanti),Strada (passanti),2025-11,2025,5
GIORNALIERA_NOVEMBRE_2025_b0b3.pdf,2025-11-01,2,ESPERIENZA,20.0,STRADA (passanti),Strada (passanti),2025-11,2025,5
GIORNALIERA_NOVEMBRE_2025_b0b3.pdf,2025-11-01,1,CARTOLINE,3.0,STRADA (passanti),Strada (passanti),2025-11,2025,5
GIORNALIERA_NOVEMBRE_2025_b0b3.pdf,2025-11-02,1,VARIE,7.0,STRADA (passanti),Strada (passanti),2025-11,2025,6
GIORNALIERA_NOVEMBRE_2025_b0b3.pdf,2025-11-03,1,SEGNALIBRI,1.0,STRADA (passanti),Strada (passanti),2025-11,2025,0
GIORNALIERA_NOVEMBRE_2025_b0b3.pdf,2025-11-03,2,CARTOLERIA,9.0,STRADA (passanti),Strada (passanti),2025-11,2025,0
GIORNALIERA_NOVEMBRE_2025_b0b3.pdf,2025-11-03,1,CARTOLERIA,10.8,STRADA (passanti),Strada (passanti),2025-11,2025,0
GIORNALIERA_NOVEMBRE_2025_b0b3.pdf,2025-11-03,2,VARIE,33.5,STRADA (passanti),Strada (passanti),2025-11,2025,0
GIORNALIERA_NOVEMBRE_2025_b0b3.pdf,2025-11-03,2,VARIE,3.0,STRADA (passanti),Strada (passanti),2025-11,2025,0
GIORNALIERA_NOVEMBRE_2025_b0b3.pdf,2025-11-05,2,ALTRO,3.5,STRADA (passanti),Strada (passanti),2025-11,2025,2
GIORNALIERA_NOVEMBRE_2025_b0b3.pdf,2025-11-05,2,ALTRO,18.0,STRADA (passanti),Strada (passanti),2025-11,2025,2
GIORNALIERA_NOVEMBRE_2025_b0b3.pdf,2025-11-09,2,VARIE,2.0,STRADA (passanti),Strada (passanti),2025-11,2025,6
GIORNALIERA_NOVEMBRE_2025_b0b3.pdf,2025-11-11,2,SEGNALIBRI,3.0,STRADA (passanti),Strada (passanti),2025-11,2025,1
GIORNALIERA_NOVEMBRE_2025_b0b3.pdf,2025-11-12,2,SEGNALIBRI,5.4,STRADA (passanti),Strada (passanti),2025-11,2025,2
GIORNALIERA_NOVEMBRE_2025_b0b3.pdf,2025-11-13,2,VARIE,20.1,STRADA (passanti),Strada (passanti),2025-11,2025,3
GIORNALIERA_NOVEMBRE_2025_b0b3.pdf,2025-11-13,2,CARTOLINE,6.0,STRADA (passanti),Strada (passanti),2025-11,2025,3
GIORNALIERA_NOVEMBRE_2025_b0b3.pdf,2025-11-15,2,VARIE,7.5,STRADA (passanti),Strada (passanti),2025-11,2025,5
GIORNALIERA_NOVEMBRE_2025_b0b3.pdf,2025-11-17,2,VARIE,28.8,STRADA (passanti),Strada (passanti),2025-11,2025,0
GIORNALIERA_NOVEMBRE_2025_b0b3.pdf,2025-11-17,1,VARIE,27.0,STRADA (passanti),Strada (passanti),2025-11,2025,0
GIORNALIERA_NOVEMBRE_2025_b0b3.pdf,2025-11-18,2,SEGNALIBRI,1.0,STRADA (passanti),Strada (passanti),2025-11,2025,1
GIORNALIERA_NOVEMBRE_2025_b0b3.pdf,2025-11-18,2,ESPERIENZA,20.0,STRADA (passanti),Strada (passanti),2025-11,2025,1
GIORNALIERA_NOVEMBRE_2025_b0b3.pdf,2025-11-21,2,ESPERIENZA,20.0,STRADA (passanti),Strada (passanti),2025-11,2025,4
GIORNALIERA_NOVEMBRE_2025_b0b3.pdf,2025-11-21,2,VARIE,28.1,STRADA (passanti),Strada (passanti),2025-11,2025,4
GIORNALIERA_NOVEMBRE_2025_b0b3.pdf,2025-11-21,2,GADGET,13.5,STRADA (passanti),Strada (passanti),2025-11,2025,4
GIORNALIERA_NOVEMBRE_2025_b0b3.pdf,2025-11-22,1,CALAMITE,12.0,STRADA (passanti),Strada (passanti),2025-11,2025,5
GIORNALIERA_NOVEMBRE_2025_b0b3.pdf,2025-11-22,2,CARTOLINE,2.0,STRADA (passanti),Strada (passanti),2025-11,2025,5
GIORNALIERA_NOVEMBRE_2025_b0b3.pdf,2025-11-23,5,CARTOLINE,1.0,STRADA (passanti),Strada (passanti),2025-11,2025,6
GIORNALIERA_NOVEMBRE_2025_b0b3.pdf,2025-11-23,2,SEGNALIBRI,7.0,STRADA (passanti),Strada (passanti),2025-11,2025,6
GIORNALIERA_NOVEMBRE_2025_b0b3.pdf,2025-11-25,2,EDITORIA/LIBRI,5.0,STRADA (passanti),Strada (passanti),2025-11,2025,1
GIORNALIERA_NOVEMBRE_2025_b0b3.pdf,2025-11-27,2,ESPERIENZA,26.0,STRADA (passanti),Strada (passanti),2025-11,2025,3
GIORNALIERA_NOVEMBRE_2025_b0b3.pdf,2025-11-28,5,GONDOLE,21.0,STRADA (passanti),Strada (passanti),2025-11,2025,4
GIORNALIERA_NOVEMBRE_2025_b0b3.pdf,2025-11-28,0,CALAMITE,3.5,STRADA (passanti),Strada (passanti),2025-11,2025,4
GIORNALIERA_NOVEMBRE_2025_b0b3.pdf,2025-11-29,2,CARTOLINE,5.0,STRADA (passanti),Strada (passanti),2025-11,2025,5
GIORNALIERA_NOVEMBRE_2025_b0b3.pdf,2025-11-29,1,CALAMITE,4.0,STRADA (passanti),Strada (passanti),2025-11,2025,5
GIORNALIERA_NOVEMBRE_2025_b0b3.pdf,2025-11-30,2,CARTOLERIA,10.0,STRADA (passanti),Strada (passanti),2025-11,2025,6
GIORNALIERA_NOVEMBRE_2025_b0b3.pdf,2025-11-30,1,CARTOLINE,1.0,STRADA (passanti),Strada (passanti),2025-11,2025,6
GIORNALIERA_OTTOBRE_2025______9af2.pdf,2025-10-01,2,VARIE,18.0,STRADA (passanti),Strada (passanti),2025-10,2025,2
GIORNALIERA_OTTOBRE_2025______9af2.pdf,2025-10-01,2,SEGNALIBRI,5.0,STRADA (passanti),Strada (passanti),2025-10,2025,2
GIORNALIERA_OTTOBRE_2025______9af2.pdf,2025-10-01,1,CALAMITE,4.0,STRADA (passanti),Strada (passanti),2025-10,2025,2
GIORNALIERA_OTTOBRE_2025______9af2.pdf,2025-10-01,1,SEGNALIBRI,6.0,STRADA (passanti),Strada (passanti),2025-10,2025,2
GIORNALIERA_OTTOBRE_2025______9af2.pdf,2025-10-02,2,CARTOLINE,10.0,STRADA (passanti),Strada (passanti),2025-10,2025,3
GIORNALIERA_OTTOBRE_2025______9af2.pdf,2025-10-02,1,EDITORIA/LIBRI,10.0,STRADA (passanti),Strada (passanti),2025-10,2025,3
GIORNALIERA_OTTOBRE_2025______9af2.pdf,2025-10-03,2,ESPERIENZA,20.0,STRADA (passanti),Strada (passanti),2025-10,2025,4
GIORNALIERA_OTTOBRE_2025______9af2.pdf,2025-10-03,1,ESPERIENZA,43.3,STRADA (passanti),Strada (passanti),2025-10,2025,4
GIORNALIERA_OTTOBRE_2025______9af2.pdf,2025-10-04,2,SEGNALIBRI,6.0,STRADA (passanti),Strada (passanti),2025-10,2025,5
GIORNALIERA_OTTOBRE_2025______9af2.pdf,2025-10-04,2,GADGET,4.5,STRADA (passanti),Strada (passanti),2025-10,2025,5
GIORNALIERA_OTTOBRE_2025______9af2.pdf,2025-10-04,2,GADGET,10.0,STRADA (passanti),Strada (passanti),2025-10,2025,5
GIORNALIERA_OTTOBRE_2025______9af2.pdf,2025-10-04,2,SEGNALIBRI,6.0,STRADA (passanti),Strada (passanti),2025-10,2025,5
GIORNALIERA_OTTOBRE_2025______9af2.pdf,2025-10-04,3,CARTOLINE,5.0,STRADA (passanti),Strada (passanti),2025-10,2025,5
GIORNALIERA_OTTOBRE_2025______9af2.pdf,2025-10-04,2,VARIE,33.9,STRADA (passanti),Strada (passanti),2025-10,2025,5
GIORNALIERA_OTTOBRE_2025______9af2.pdf,2025-10-04,1,VARIE,39.0,STRADA (passanti),Strada (passanti),2025-10,2025,5
GIORNALIERA_OTTOBRE_2025______9af2.pdf,2025-10-06,2,CALAMITE,12.0,STRADA (passanti),Strada (passanti),2025-10,2025,0
GIORNALIERA_OTTOBRE_2025______9af2.pdf,2025-10-06,4,VARIE,5.0,STRADA (passanti),Strada (passanti),2025-10,2025,0
GIORNALIERA_OTTOBRE_2025______9af2.pdf,2025-10-06,2,GONDOLE,18.0,STRADA (passanti),Strada (passanti),2025-10,2025,0
GIORNALIERA_OTTOBRE_2025______9af2.pdf,2025-10-06,2,GADGET,12.0,STRADA (passanti),Strada (passanti),2025-10,2025,0
GIORNALIERA_OTTOBRE_2025______9af2.pdf,2025-10-07,1,CARTOLINE,1.5,STRADA (passanti),Strada (passanti),2025-10,2025,1
GIORNALIERA_OTTOBRE_2025______9af2.pdf,2025-10-07,1,CARTOLINE,5.0,STRADA (passanti),Strada (passanti),2025-10,2025,1
GIORNALIERA_OTTOBRE_2025______9af2.pdf,2025-10-08,2,SEGNALIBRI,6.0,STRADA (passanti),Strada (passanti),2025-10,2025,2
GIORNALIERA_OTTOBRE_2025______9af2.pdf,2025-10-08,2,ESPERIENZA,20.0,STRADA (passanti),Strada (passanti),2025-10,2025,2
GIORNALIERA_OTTOBRE_2025______9af2.pdf,2025-10-08,2,ESPERIENZA,20.0,STRADA (passanti),Strada (passanti),2025-10,2025,2
GIORNALIERA_OTTOBRE_2025______9af2.pdf,2025-10-08,2,ESPERIENZA,20.0,STRADA (passanti),Strada (passanti),2025-10,2025,2
GIORNALIERA_OTTOBRE_2025______9af2.pdf,2025-10-09,2,GADGET,9.0,STRADA (passanti),Strada (passanti),2025-10,2025,3
GIORNALIERA_OTTOBRE_2025______9af2.pdf,2025-10-09,2,CARTOLINE,5.0,STRADA (passanti),Strada (passanti),2025-10,2025,3
GIORNALIERA_OTTOBRE_2025______9af2.pdf,2025-10-09,2,SEGNALIBRI,2.0,STRADA (passanti),Strada (passanti),2025-10,2025,3
GIORNALIERA_OTTOBRE_2025______9af2.pdf,2025-10-09,1,CARTOLINE,1.0,STRADA (passanti),Strada (passanti),2025-10,2025,3
GIORNALIERA_OTTOBRE_2025______9af2.pdf,2025-10-09,2,GADGET,5.0,STRADA (passanti),Strada (passanti),2025-10,2025,3
GIORNALIERA_OTTOBRE_2025______9af2.pdf,2025-10-10,1,SEGNALIBRI,6.0,STRADA (passanti),Strada (passanti),2025-10,2025,4
GIORNALIERA_OTTOBRE_2025______9af2.pdf,2025-10-10,1,CARTOLINE,3.0,STRADA (passanti),Strada (passanti),2025-10,2025,4
GIORNALIERA_OTTOBRE_2025______9af2.pdf,2025-10-10,3,CARTOLINE,5.0,STRADA (passanti),Strada (passanti),2025-10,2025,4
GIORNALIERA_OTTOBRE_2025______9af2.pdf,2025-10-10,1,CARTOLINE,1.0,STRADA (passanti),Strada (passanti),2025-10,2025,4
GIORNALIERA_OTTOBRE_2025______9af2.pdf,2025-10-11,2,CARTOLERIA,22.0,STRADA (passanti),Strada (passanti),2025-10,2025,5
GIORNALIERA_OTTOBRE_2025______9af2.pdf,2025-10-11,1,CALAMITE,6.0,STRADA (passanti),Strada (passanti),2025-10,2025,5
GIORNALIERA_OTTOBRE_2025______9af2.pdf,2025-10-11,1,SEGNALIBRI,6.0,STRADA (passanti),Strada (passanti),2025-10,2025,5
GIORNALIERA_OTTOBRE_2025______9af2.pdf,2025-10-12,2,SEGNALIBRI,6.0,STRADA (passanti),Strada (passanti),2025-10,2025,6
GIORNALIERA_OTTOBRE_2025______9af2.pdf,2025-10-12,2,VARIE,21.0,STRADA (passanti),Strada (passanti),2025-10,2025,6
GIORNALIERA_OTTOBRE_2025______9af2.pdf,2025-10-12,1,CALAMITE,6.0,STRADA (passanti),Strada (passanti),2025-10,2025,6
GIORNALIERA_OTTOBRE_2025______9af2.pdf,2025-10-12,2,SEGNALIBRI,7.0,STRADA (passanti),Strada (passanti),2025-10,2025,6
GIORNALIERA_OTTOBRE_2025______9af2.pdf,2025-10-13,3,VARIE,40.0,STRADA (passanti),Strada (passanti),2025-10,2025,0
GIORNALIERA_OTTOBRE_2025______9af2.pdf,2025-10-13,2,VARIE,40.2,STRADA (passanti),Strada (passanti),2025-10,2025,0
GIORNALIERA_OTTOBRE_2025______9af2.pdf,2025-10-13,2,SEGNALIBRI,8.0,STRADA (passanti),Strada (passanti),2025-10,2025,0
GIORNALIERA_OTTOBRE_2025______9af2.pdf,2025-10-14,2,VARIE,14.0,STRADA (passanti),Strada (passanti),2025-10,2025,1
GIORNALIERA_OTTOBRE_2025______9af2.pdf,2025-10-14,1,CARTOLINE,1.0,STRADA (passanti),Strada (passanti),2025-10,2025,1
GIORNALIERA_OTTOBRE_2025______9af2.pdf,2025-10-14,1,CARTOLINE,1.0,STRADA (passanti),Strada (passanti),2025-10,2025,1
GIORNALIERA_OTTOBRE_2025______9af2.pdf,2025-10-15,2,ESPERIENZA,20.0,STRADA (passanti),Strada (passanti),2025-10,2025,2
GIORNALIERA_OTTOBRE_2025______9af2.pdf,2025-10-15,2,SEGNALIBRI,12.9,STRADA (passanti),Strada (passanti),2025-10,2025,2
GIORNALIERA_OTTOBRE_2025______9af2.pdf,2025-10-16,2,VARIE,12.0,STRADA (passanti),Strada (passanti),2025-10,2025,3
GIORNALIERA_OTTOBRE_2025______9af2.pdf,2025-10-16,1,CARTOLINE,1.0,STRADA (passanti),Strada (passanti),2025-10,2025,3
GIORNALIERA_OTTOBRE_2025______9af2.pdf,2025-10-16,3,CARTOLINE,5.0,STRADA (passanti),Strada (passanti),2025-10,2025,3
GIORNALIERA_OTTOBRE_2025______9af2.pdf,2025-10-16,2,SEGNALIBRI,1.0,STRADA (passanti),Strada (passanti),2025-10,2025,3
GIORNALIERA_OTTOBRE_2025______9af2.pdf,2025-10-16,2,CARTOLERIA,10.0,STRADA (passanti),Strada (passanti),2025-10,2025,3
GIORNALIERA_OTTOBRE_2025______9af2.pdf,2025-10-17,2,GONDOLE,9.0,STRADA (passanti),Strada (passanti),2025-10,2025,4
GIORNALIERA_OTTOBRE_2025______9af2.pdf,2025-10-17,4,CARTOLINE,1.0,STRADA (passanti),Strada (passanti),2025-10,2025,4
GIORNALIERA_OTTOBRE_2025______9af2.pdf,2025-10-17,1,CALAMITE,12.0,STRADA (passanti),Strada (passanti),2025-10,2025,4
GIORNALIERA_OTTOBRE_2025______9af2.pdf,2025-10-18,1,CALAMITE,4.0,STRADA (passanti),Strada (passanti),2025-10,2025,5
GIORNALIERA_OTTOBRE_2025______9af2.pdf,2025-10-18,1,CARTOLINE,1.0,STRADA (passanti),Strada (passanti),2025-10,2025,5
GIORNALIERA_OTTOBRE_2025______9af2.pdf,2025-10-18,1,SEGNALIBRI,16.0,STRADA (passanti),Strada (passanti),2025-10,2025,5
GIORNALIERA_OTTOBRE_2025______9af2.pdf,2025-10-18,1,CARTOLINE,5.0,STRADA (passanti),Strada (passanti),2025-10,2025,5
GIORNALIERA_OTTOBRE_2025______9af2.pdf,2025-10-18,2,CARTOLINE,2.0,STRADA (passanti),Strada (passanti),2025-10,2025,5
GIORNALIERA_OTTOBRE_2025______9af2.pdf,2025-10-18,2,ESPERIENZA,14.0,STRADA (passanti),Strada (passanti),2025-10,2025,5
GIORNALIERA_OTTOBRE_2025______9af2.pdf,2025-10-18,2,CARTOLINE,2.0,STRADA (passanti),Strada (passanti),2025-10,2025,5
GIORNALIERA_OTTOBRE_2025______9af2.pdf,2025-10-18,2,VARIE,7.0,STRADA (passanti),Strada (passanti),2025-10,2025,5
GIORNALIERA_OTTOBRE_2025______9af2.pdf,2025-10-19,1,SEGNALIBRI,2.0,STRADA (passanti),Strada (passanti),2025-10,2025,6
GIORNALIERA_OTTOBRE_2025______9af2.pdf,2025-10-19,2,SEGNALIBRI,2.0,STRADA (passanti),Strada (passanti),2025-10,2025,6
GIORNALIERA_OTTOBRE_2025______9af2.pdf,2025-10-20,1,CARTOLINE,1.0,STRADA (passanti),Strada (passanti),2025-10,2025,0
GIORNALIERA_OTTOBRE_2025______9af2.pdf,2025-10-20,2,VARIE,20.0,STRADA (passanti),Strada (passanti),2025-10,2025,0
GIORNALIERA_OTTOBRE_2025______9af2.pdf,2025-10-20,2,VARIE,13.0,STRADA (passanti),Strada (passanti),2025-10,2025,0
GIORNALIERA_OTTOBRE_2025______9af2.pdf,2025-10-21,1,CARTOLINE,2.0,STRADA (passanti),Strada (passanti),2025-10,2025,1
GIORNALIERA_OTTOBRE_2025______9af2.pdf,2025-10-21,2,SEGNALIBRI,6.0,STRADA (passanti),Strada (passanti),2025-10,2025,1
GIORNALIERA_OTTOBRE_2025______9af2.pdf,2025-10-21,1,VARIE,13.0,STRADA (passanti),Strada (passanti),2025-10,2025,1
GIORNALIERA_OTTOBRE_2025______9af2.pdf,2025-10-21,2,VARIE,7.0,STRADA (passanti),Strada (passanti),2025-10,2025,1
GIORNALIERA_OTTOBRE_2025______9af2.pdf,2025-10-21,2,CARTOLINE,3.0,STRADA (passanti),Strada (passanti),2025-10,2025,1
GIORNALIERA_OTTOBRE_2025______9af2.pdf,2025-10-21,2,ESPERIENZA,20.0,STRADA (passanti),Strada (passanti),2025-10,2025,1
GIORNALIERA_OTTOBRE_2025______9af2.pdf,2025-10-21,2,VARIE,4.0,STRADA (passanti),Strada (passanti),2025-10,2025,1
GIORNALIERA_OTTOBRE_2025______9af2.pdf,2025-10-22,2,CALAMITE,4.0,STRADA (passanti),Strada (passanti),2025-10,2025,2
GIORNALIERA_OTTOBRE_2025______9af2.pdf,2025-10-22,3,VARIE,4.0,STRADA (passanti),Strada (passanti),2025-10,2025,2
GIORNALIERA_OTTOBRE_2025______9af2.pdf,2025-10-23,3,VARIE,19.0,STRADA (passanti),Strada (passanti),2025-10,2025,3
GIORNALIERA_OTTOBRE_2025______9af2.pdf,2025-10-23,1,SEGNALIBRI,2.0,STRADA (passanti),Strada (passanti),2025-10,2025,3
GIORNALIERA_OTTOBRE_2025______9af2.pdf,2025-10-23,2,SEGNALIBRI,2.0,STRADA (passanti),Strada (passanti),2025-10,2025,3
GIORNALIERA_OTTOBRE_2025______9af2.pdf,2025-10-23,2,CARTOLINE,8.0,STRADA (passanti),Strada (passanti),2025-10,2025,3
GIORNALIERA_OTTOBRE_2025______9af2.pdf,2025-10-24,2,ESPERIENZA,20.0,STRADA (passanti),Strada (passanti),2025-10,2025,4
GIORNALIERA_OTTOBRE_2025______9af2.pdf,2025-10-24,2,CARTOLERIA,4.0,STRADA (passanti),Strada (passanti),2025-10,2025,4
GIORNALIERA_OTTOBRE_2025______9af2.pdf,2025-10-25,2,VARIE,50.0,STRADA (passanti),Strada (passanti),2025-10,2025,5
GIORNALIERA_OTTOBRE_2025______9af2.pdf,2025-10-25,2,VARIE,26.0,STRADA (passanti),Strada (passanti),2025-10,2025,5
GIORNALIERA_OTTOBRE_2025______9af2.pdf,2025-10-25,1,ESPERIENZA,10.0,STRADA (passanti),Strada (passanti),2025-10,2025,5
GIORNALIERA_OTTOBRE_2025______9af2.pdf,2025-10-25,2,SEGNALIBRI,24.0,STRADA (passanti),Strada (passanti),2025-10,2025,5
GIORNALIERA_OTTOBRE_2025______9af2.pdf,2025-10-26,1,ESPERIENZA,10.0,STRADA (passanti),Strada (passanti),2025-10,2025,6
GIORNALIERA_OTTOBRE_2025______9af2.pdf,2025-10-26,2,GONDOLE,12.0,STRADA (passanti),Strada (passanti),2025-10,2025,6
GIORNALIERA_OTTOBRE_2025______9af2.pdf,2025-10-26,1,SEGNALIBRI,12.0,STRADA (passanti),Strada (passanti),2025-10,2025,6
GIORNALIERA_OTTOBRE_2025______9af2.pdf,2025-10-26,2,SEGNALIBRI,2.0,STRADA (passanti),Strada (passanti),2025-10,2025,6
GIORNALIERA_OTTOBRE_2025______9af2.pdf,2025-10-26,1,VARIE,9.0,STRADA (passanti),Strada (passanti),2025-10,2025,6
GIORNALIERA_OTTOBRE_2025______9af2.pdf,2025-10-27,3,VARIE,28.0,STRADA (passanti),Strada (passanti),2025-10,2025,0
GIORNALIERA_OTTOBRE_2025______9af2.pdf,2025-10-28,2,VARIE,10.8,STRADA (passanti),Strada (passanti),2025-10,2025,1
GIORNALIERA_OTTOBRE_2025______9af2.pdf,2025-10-28,1,CARTOLINE,5.0,STRADA (passanti),Strada (passanti),2025-10,2025,1
GIORNALIERA_OTTOBRE_2025______9af2.pdf,2025-10-28,1,ESPERIENZA,10.0,STRADA (passanti),Strada (passanti),2025-10,2025,1
GIORNALIERA_OTTOBRE_2025______9af2.pdf,2025-10-28,3,CARTOLINE,5.0,STRADA (passanti),Strada (passanti),2025-10,2025,1
GIORNALIERA_OTTOBRE_2025______9af2.pdf,2025-10-28,2,VARIE,4.0,STRADA (passanti),Strada (passanti),2025-10,2025,1
GIORNALIERA_OTTOBRE_2025______9af2.pdf,2025-10-28,1,CARTOLERIA,3.5,STRADA (passanti),Strada (passanti),2025-10,2025,1
GIORNALIERA_OTTOBRE_2025______9af2.pdf,2025-10-28,2,CARTOLINE,5.0,STRADA (passanti),Strada (passanti),2025-10,2025,1
GIORNALIERA_OTTOBRE_2025______9af2.pdf,2025-10-28,1,VARIE,4.0,STRADA (passanti),Strada (passanti),2025-10,2025,1
GIORNALIERA_OTTOBRE_2025______9af2.pdf,2025-10-28,1,EDITORIA/LIBRI,8.9,STRADA (passanti),Strada (passanti),2025-10,2025,1
GIORNALIERA_OTTOBRE_2025______9af2.pdf,2025-10-29,1,GONDOLE,9.0,STRADA (passanti),Strada (passanti),2025-10,2025,2
GIORNALIERA_OTTOBRE_2025______9af2.pdf,2025-10-29,1,VARIE,15.0,STRADA (passanti),Strada (passanti),2025-10,2025,2
GIORNALIERA_OTTOBRE_2025______9af2.pdf,2025-10-29,3,ESPERIENZA,27.0,STRADA (passanti),Strada (passanti),2025-10,2025,2
GIORNALIERA_OTTOBRE_2025______9af2.pdf,2025-10-31,0,NON SPECIFICATO,0.0,STRADA (passanti),Strada (passanti),2025-10,2025,4
GIORNALIERA_SETTEMBRE_2025_____3f97.pdf,2025-09-01,1,SEGNALIBRI,2.0,STRADA (passanti),Strada (passanti),2025-09,2025,0
GIORNALIERA_SETTEMBRE_2025_____3f97.pdf,2025-09-02,4,ESPERIENZA,32.0,STRADA (passanti),Strada (passanti),2025-09,2025,1
GIORNALIERA_SETTEMBRE_2025_____3f97.pdf,2025-09-02,1,CARTOLERIA,3.0,STRADA (passanti),Strada (passanti),2025-09,2025,1
GIORNALIERA_SETTEMBRE_2025_____3f97.pdf,2025-09-03,2,EDITORIA/LIBRI,10.0,STRADA (passanti),Strada (passanti),2025-09,2025,2
GIORNALIERA_SETTEMBRE_2025_____3f97.pdf,2025-09-03,2,CARTOLINE,1.0,STRADA (passanti),Strada (passanti),2025-09,2025,2
GIORNALIERA_SETTEMBRE_2025_____3f97.pdf,2025-09-04,1,CALAMITE,8.0,STRADA (passanti),Strada (passanti),2025-09,2025,3
GIORNALIERA_SETTEMBRE_2025_____3f97.pdf,2025-09-04,3,CARTOLINE,6.0,STRADA (passanti),Strada (passanti),2025-09,2025,3
GIORNALIERA_SETTEMBRE_2025_____3f97.pdf,2025-09-04,2,CARTOLINE,5.0,STRADA (passanti),Strada (passanti),2025-09,2025,3
GIORNALIERA_SETTEMBRE_2025_____3f97.pdf,2025-09-04,2,CARTOLINE,5.0,STRADA (passanti),Strada (passanti),2025-09,2025,3
GIORNALIERA_SETTEMBRE_2025_____3f97.pdf,2025-09-04,1,CARTOLINE,3.0,STRADA (passanti),Strada (passanti),2025-09,2025,3
GIORNALIERA_SETTEMBRE_2025_____3f97.pdf,2025-09-04,2,ESPERIENZA,20.0,STRADA (passanti),Strada (passanti),2025-09,2025,3
GIORNALIERA_SETTEMBRE_2025_____3f97.pdf,2025-09-04,2,GADGET,4.0,STRADA (passanti),Strada (passanti),2025-09,2025,3
GIORNALIERA_SETTEMBRE_2025_____3f97.pdf,2025-09-05,2,VARIE,10.5,STRADA (passanti),Strada (passanti),2025-09,2025,4
GIORNALIERA_SETTEMBRE_2025_____3f97.pdf,2025-09-05,4,SEGNALIBRI,1.0,STRADA (passanti),Strada (passanti),2025-09,2025,4
GIORNALIERA_SETTEMBRE_2025_____3f97.pdf,2025-09-05,2,CARTOLINE,18.0,STRADA (passanti),Strada (passanti),2025-09,2025,4
GIORNALIERA_SETTEMBRE_2025_____3f97.pdf,2025-09-05,2,VARIE,13.0,STRADA (passanti),Strada (passanti),2025-09,2025,4
GIORNALIERA_SETTEMBRE_2025_____3f97.pdf,2025-09-05,2,CARTOLINE,3.0,STRADA (passanti),Strada (passanti),2025-09,2025,4
GIORNALIERA_SETTEMBRE_2025_____3f97.pdf,2025-09-05,3,VARIE,11.0,STRADA (passanti),Strada (passanti),2025-09,2025,4
GIORNALIERA_SETTEMBRE_2025_____3f97.pdf,2025-09-05,2,CARTOLINE,2.0,STRADA (passanti),Strada (passanti),2025-09,2025,4
GIORNALIERA_SETTEMBRE_2025_____3f97.pdf,2025-09-06,2,CARTOLERIA,4.0,STRADA (passanti),Strada (passanti),2025-09,2025,5
GIORNALIERA_SETTEMBRE_2025_____3f97.pdf,2025-09-06,2,GONDOLE,12.0,STRADA (passanti),Strada (passanti),2025-09,2025,5
GIORNALIERA_SETTEMBRE_2025_____3f97.pdf,2025-09-06,3,ESPERIENZA,22.0,STRADA (passanti),Strada (passanti),2025-09,2025,5
GIORNALIERA_SETTEMBRE_2025_____3f97.pdf,2025-09-06,2,VARIE,108.0,STRADA (passanti),Strada (passanti),2025-09,2025,5
GIORNALIERA_SETTEMBRE_2025_____3f97.pdf,2025-09-06,2,GONDOLE,15.0,STRADA (passanti),Strada (passanti),2025-09,2025,5
GIORNALIERA_SETTEMBRE_2025_____3f97.pdf,2025-09-06,1,SEGNALIBRI,1.0,STRADA (passanti),Strada (passanti),2025-09,2025,5
GIORNALIERA_SETTEMBRE_2025_____3f97.pdf,2025-09-07,2,VARIE,18.0,STRADA (passanti),Strada (passanti),2025-09,2025,6
GIORNALIERA_SETTEMBRE_2025_____3f97.pdf,2025-09-07,2,ESPERIENZA,20.0,STRADA (passanti),Strada (passanti),2025-09,2025,6
GIORNALIERA_SETTEMBRE_2025_____3f97.pdf,2025-09-07,3,VARIE,10.0,STRADA (passanti),Strada (passanti),2025-09,2025,6
GIORNALIERA_SETTEMBRE_2025_____3f97.pdf,2025-09-08,3,CARTOLINE,2.0,STRADA (passanti),Strada (passanti),2025-09,2025,0
GIORNALIERA_SETTEMBRE_2025_____3f97.pdf,2025-09-08,3,ESPERIENZA,22.0,STRADA (passanti),Strada (passanti),2025-09,2025,0
GIORNALIERA_SETTEMBRE_2025_____3f97.pdf,2025-09-08,3,ESPERIENZA,26.0,STRADA (passanti),Strada (passanti),2025-09,2025,0
GIORNALIERA_SETTEMBRE_2025_____3f97.pdf,2025-09-08,3,VARIE,2.0,STRADA (passanti),Strada (passanti),2025-09,2025,0
GIORNALIERA_SETTEMBRE_2025_____3f97.pdf,2025-09-08,2,CARTOLINE,2.0,STRADA (passanti),Strada (passanti),2025-09,2025,0
GIORNALIERA_SETTEMBRE_2025_____3f97.pdf,2025-09-08,2,EDITORIA/LIBRI,15.0,STRADA (passanti),Strada (passanti),2025-09,2025,0
GIORNALIERA_SETTEMBRE_2025_____3f97.pdf,2025-09-09,2,VARIE,8.0,STRADA (passanti),Strada (passanti),2025-09,2025,1
GIORNALIERA_SETTEMBRE_2025_____3f97.pdf,2025-09-09,2,VARIE,6.5,STRADA (passanti),Strada (passanti),2025-09,2025,1
GIORNALIERA_SETTEMBRE_2025_____3f97.pdf,2025-09-10,2,SEGNALIBRI,6.0,STRADA (passanti),Strada (passanti),2025-09,2025,2
GIORNALIERA_SETTEMBRE_2025_____3f97.pdf,2025-09-10,1,CARTOLINE,2.0,STRADA (passanti),Strada (passanti),2025-09,2025,2
GIORNALIERA_SETTEMBRE_2025_____3f97.pdf,2025-09-11,2,ESPERIENZA,45.6,STRADA (passanti),Strada (passanti),2025-09,2025,3
GIORNALIERA_SETTEMBRE_2025_____3f97.pdf,2025-09-11,1,CARTOLINE,3.5,STRADA (passanti),Strada (passanti),2025-09,2025,3
GIORNALIERA_SETTEMBRE_2025_____3f97.pdf,2025-09-11,4,ALTRO,20.0,STRADA (passanti),Strada (passanti),2025-09,2025,3
GIORNALIERA_SETTEMBRE_2025_____3f97.pdf,2025-09-11,2,GADGET,3.0,STRADA (passanti),Strada (passanti),2025-09,2025,3
GIORNALIERA_SETTEMBRE_2025_____3f97.pdf,2025-09-11,2,VARIE,5.0,STRADA (passanti),Strada (passanti),2025-09,2025,3
GIORNALIERA_SETTEMBRE_2025_____3f97.pdf,2025-09-12,2,CALAMITE,6.0,STRADA (passanti),Strada (passanti),2025-09,2025,4
GIORNALIERA_SETTEMBRE_2025_____3f97.pdf,2025-09-12,1,EDITORIA/LIBRI,12.0,STRADA (passanti),Strada (passanti),2025-09,2025,4
GIORNALIERA_SETTEMBRE_2025_____3f97.pdf,2025-09-12,2,CARTOLINE,1.0,STRADA (passanti),Strada (passanti),2025-09,2025,4
GIORNALIERA_SETTEMBRE_2025_____3f97.pdf,2025-09-12,2,CARTOLERIA,5.0,STRADA (passanti),Strada (passanti),2025-09,2025,4
GIORNALIERA_SETTEMBRE_2025_____3f97.pdf,2025-09-12,2,CARTOLERIA,3.0,STRADA (passanti),Strada (passanti),2025-09,2025,4
GIORNALIERA_SETTEMBRE_2025_____3f97.pdf,2025-09-12,2,VARIE,20.0,STRADA (passanti),Strada (passanti),2025-09,2025,4
GIORNALIERA_SETTEMBRE_2025_____3f97.pdf,2025-09-13,2,SEGNALIBRI,13.0,STRADA (passanti),Strada (passanti),2025-09,2025,5
GIORNALIERA_SETTEMBRE_2025_____3f97.pdf,2025-09-13,2,CARTOLINE,3.0,STRADA (passanti),Strada (passanti),2025-09,2025,5
GIORNALIERA_SETTEMBRE_2025_____3f97.pdf,2025-09-13,2,SEGNALIBRI,12.0,STRADA (passanti),Strada (passanti),2025-09,2025,5
GIORNALIERA_SETTEMBRE_2025_____3f97.pdf,2025-09-14,1,CARTOLERIA,28.0,STRADA (passanti),Strada (passanti),2025-09,2025,6
GIORNALIERA_SETTEMBRE_2025_____3f97.pdf,2025-09-14,2,ESPERIENZA,20.0,STRADA (passanti),Strada (passanti),2025-09,2025,6
GIORNALIERA_SETTEMBRE_2025_____3f97.pdf,2025-09-14,1,SEGNALIBRI,10.0,STRADA (passanti),Strada (passanti),2025-09,2025,6
GIORNALIERA_SETTEMBRE_2025_____3f97.pdf,2025-09-14,2,EDITORIA/LIBRI,12.0,STRADA (passanti),Strada (passanti),2025-09,2025,6
GIORNALIERA_SETTEMBRE_2025_____3f97.pdf,2025-09-14,2,CARTOLINE,2.0,STRADA (passanti),Strada (passanti),2025-09,2025,6
GIORNALIERA_SETTEMBRE_2025_____3f97.pdf,2025-09-14,3,CARTOLINE,11.0,STRADA (passanti),Strada (passanti),2025-09,2025,6
GIORNALIERA_SETTEMBRE_2025_____3f97.pdf,2025-09-14,4,VARIE,15.0,STRADA (passanti),Strada (passanti),2025-09,2025,6
GIORNALIERA_SETTEMBRE_2025_____3f97.pdf,2025-09-15,2,CARTOLINE,1.0,STRADA (passanti),Strada (passanti),2025-09,2025,0
GIORNALIERA_SETTEMBRE_2025_____3f97.pdf,2025-09-15,2,CARTOLINE,2.0,STRADA (passanti),Strada (passanti),2025-09,2025,0
GIORNALIERA_SETTEMBRE_2025_____3f97.pdf,2025-09-16,2,VARIE,9.5,STRADA (passanti),Strada (passanti),2025-09,2025,1
GIORNALIERA_SETTEMBRE_2025_____3f97.pdf,2025-09-16,1,SEGNALIBRI,12.0,STRADA (passanti),Strada (passanti),2025-09,2025,1
GIORNALIERA_SETTEMBRE_2025_____3f97.pdf,2025-09-17,1,VARIE,15.0,STRADA (passanti),Strada (passanti),2025-09,2025,2
GIORNALIERA_SETTEMBRE_2025_____3f97.pdf,2025-09-17,1,POSTER,3.0,STRADA (passanti),Strada (passanti),2025-09,2025,2
GIORNALIERA_SETTEMBRE_2025_____3f97.pdf,2025-09-17,2,ESPERIENZA,20.0,STRADA (passanti),Strada (passanti),2025-09,2025,2
GIORNALIERA_SETTEMBRE_2025_____3f97.pdf,2025-09-18,2,VARIE,4.0,STRADA (passanti),Strada (passanti),2025-09,2025,3
GIORNALIERA_SETTEMBRE_2025_____3f97.pdf,2025-09-18,1,SEGNALIBRI,12.0,STRADA (passanti),Strada (passanti),2025-09,2025,3
GIORNALIERA_SETTEMBRE_2025_____3f97.pdf,2025-09-19,2,VARIE,7.0,STRADA (passanti),Strada (passanti),2025-09,2025,4
GIORNALIERA_SETTEMBRE_2025_____3f97.pdf,2025-09-19,1,ALTRO,12.0,STRADA (passanti),Strada (passanti),2025-09,2025,4
GIORNALIERA_SETTEMBRE_2025_____3f97.pdf,2025-09-19,1,EDITORIA/LIBRI,12.0,STRADA (passanti),Strada (passanti),2025-09,2025,4
GIORNALIERA_SETTEMBRE_2025_____3f97.pdf,2025-09-20,3,CARTOLERIA,2.0,STRADA (passanti),Strada (passanti),2025-09,2025,5
GIORNALIERA_SETTEMBRE_2025_____3f97.pdf,2025-09-20,1,SEGNALIBRI,1.0,STRADA (passanti),Strada (passanti),2025-09,2025,5
GIORNALIERA_SETTEMBRE_2025_____3f97.pdf,2025-09-20,1,CARTOLERIA,5.0,STRADA (passanti),Strada (passanti),2025-09,2025,5
GIORNALIERA_SETTEMBRE_2025_____3f97.pdf,2025-09-20,1,CARTOLINE,2.0,STRADA (passanti),Strada (passanti),2025-09,2025,5
GIORNALIERA_SETTEMBRE_2025_____3f97.pdf,2025-09-21,2,ESPERIENZA,20.0,STRADA (passanti),Strada (passanti),2025-09,2025,6
GIORNALIERA_SETTEMBRE_2025_____3f97.pdf,2025-09-21,1,GADGET,22.0,STRADA (passanti),Strada (passanti),2025-09,2025,6
GIORNALIERA_SETTEMBRE_2025_____3f97.pdf,2025-09-21,1,VARIE,14.0,STRADA (passanti),Strada (passanti),2025-09,2025,6
GIORNALIERA_SETTEMBRE_2025_____3f97.pdf,2025-09-22,1,VARIE,2.0,STRADA (passanti),Strada (passanti),2025-09,2025,0
GIORNALIERA_SETTEMBRE_2025_____3f97.pdf,2025-09-22,2,ESPERIENZA,20.0,STRADA (passanti),Strada (passanti),2025-09,2025,0
GIORNALIERA_SETTEMBRE_2025_____3f97.pdf,2025-09-22,2,CARTOLINE,16.0,STRADA (passanti),Strada (passanti),2025-09,2025,0
GIORNALIERA_SETTEMBRE_2025_____3f97.pdf,2025-09-22,1,CARTOLINE,1.0,STRADA (passanti),Strada (passanti),2025-09,2025,0
GIORNALIERA_SETTEMBRE_2025_____3f97.pdf,2025-09-22,1,CARTOLINE,5.0,STRADA (passanti),Strada (passanti),2025-09,2025,0
GIORNALIERA_SETTEMBRE_2025_____3f97.pdf,2025-09-23,2,EDITORIA/LIBRI,26.0,STRADA (passanti),Strada (passanti),2025-09,2025,1
GIORNALIERA_SETTEMBRE_2025_____3f97.pdf,2025-09-23,1,CALAMITE,18.0,STRADA (passanti),Strada (passanti),2025-09,2025,1
GIORNALIERA_SETTEMBRE_2025_____3f97.pdf,2025-09-23,1,SEGNALIBRI,18.0,STRADA (passanti),Strada (passanti),2025-09,2025,1
GIORNALIERA_SETTEMBRE_2025_____3f97.pdf,2025-09-23,1,CARTOLERIA,2.0,STRADA (passanti),Strada (passanti),2025-09,2025,1
GIORNALIERA_SETTEMBRE_2025_____3f97.pdf,2025-09-23,1,VARIE,4.0,STRADA (passanti),Strada (passanti),2025-09,2025,1
GIORNALIERA_SETTEMBRE_2025_____3f97.pdf,2025-09-23,2,CARTOLINE,1.0,STRADA (passanti),Strada (passanti),2025-09,2025,1
GIORNALIERA_SETTEMBRE_2025_____3f97.pdf,2025-09-24,2,CARTOLINE,5.0,STRADA (passanti),Strada (passanti),2025-09,2025,2
GIORNALIERA_SETTEMBRE_2025_____3f97.pdf,2025-09-24,2,CARTOLINE,2.0,STRADA (passanti),Strada (passanti),2025-09,2025,2
GIORNALIERA_SETTEMBRE_2025_____3f97.pdf,2025-09-24,2,SEGNALIBRI,12.0,STRADA (passanti),Strada (passanti),2025-09,2025,2
GIORNALIERA_SETTEMBRE_2025_____3f97.pdf,2025-09-24,3,ESPERIENZA,67.8,STRADA (passanti),Strada (passanti),2025-09,2025,2
GIORNALIERA_SETTEMBRE_2025_____3f97.pdf,2025-09-24,2,GADGET,6.0,STRADA (passanti),Strada (passanti),2025-09,2025,2
GIORNALIERA_SETTEMBRE_2025_____3f97.pdf,2025-09-25,2,ESPERIENZA,28.9,STRADA (passanti),Strada (passanti),2025-09,2025,3
GIORNALIERA_SETTEMBRE_2025_____3f97.pdf,2025-09-25,2,CARTOLERIA,8.0,STRADA (passanti),Strada (passanti),2025-09,2025,3
GIORNALIERA_SETTEMBRE_2025_____3f97.pdf,2025-09-26,4,ESPERIENZA,60.8,STRADA (passanti),Strada (passanti),2025-09,2025,4
GIORNALIERA_SETTEMBRE_2025_____3f97.pdf,2025-09-27,2,POSTER,18.0,STRADA (passanti),Strada (passanti),2025-09,2025,5
GIORNALIERA_SETTEMBRE_2025_____3f97.pdf,2025-09-27,1,CARTOLINE,4.0,STRADA (passanti),Strada (passanti),2025-09,2025,5
GIORNALIERA_SETTEMBRE_2025_____3f97.pdf,2025-09-27,2,SEGNALIBRI,6.0,STRADA (passanti),Strada (passanti),2025-09,2025,5
GIORNALIERA_SETTEMBRE_2025_____3f97.pdf,2025-09-27,1,CARTOLINE,3.0,STRADA (passanti),Strada (passanti),2025-09,2025,5
GIORNALIERA_SETTEMBRE_2025_____3f97.pdf,2025-09-27,1,VARIE,42.5,STRADA (passanti),Strada (passanti),2025-09,2025,5
GIORNALIERA_SETTEMBRE_2025_____3f97.pdf,2025-09-27,2,VARIE,4.0,STRADA (passanti),Strada (passanti),2025-09,2025,5
GIORNALIERA_SETTEMBRE_2025_____3f97.pdf,2025-09-27,2,CARTOLINE,10.0,STRADA (passanti),Strada (passanti),2025-09,2025,5
GIORNALIERA_SETTEMBRE_2025_____3f97.pdf,2025-09-27,1,VARIE,17.0,STRADA (passanti),Strada (passanti),2025-09,2025,5
GIORNALIERA_SETTEMBRE_2025_____3f97.pdf,2025-09-27,2,VARIE,11.0,STRADA (passanti),Strada (passanti),2025-09,2025,5
GIORNALIERA_SETTEMBRE_2025_____3f97.pdf,2025-09-28,1,VARIE,11.0,STRADA (passanti),Strada (passanti),2025-09,2025,6
GIORNALIERA_SETTEMBRE_2025_____3f97.pdf,2025-09-28,1,CALAMITE,5.4,STRADA (passanti),Strada (passanti),2025-09,2025,6
GIORNALIERA_SETTEMBRE_2025_____3f97.pdf,2025-09-28,1,CARTOLERIA,10.0,STRADA (passanti),Strada (passanti),2025-09,2025,6
GIORNALIERA_SETTEMBRE_2025_____3f97.pdf,2025-09-29,2,CARTOLINE,5.0,STRADA (passanti),Strada (passanti),2025-09,2025,0
GIORNALIERA_SETTEMBRE_2025_____3f97.pdf,2025-09-29,2,GONDOLE,12.0,STRADA (passanti),Strada (passanti),2025-09,2025,0
GIORNALIERA_SETTEMBRE_2025_____3f97.pdf,2025-09-29,1,VARIE,7.0,STRADA (passanti),Strada (passanti),2025-09,2025,0
